# Blender 4.5.0
# www.blender.org
mtllib cloudC.mtl
o cloudC
v -8.069080 -1.390902 0.138138
v -7.942365 -0.977655 0.335970
v -7.955456 -1.874739 -0.185828
v -7.705334 -2.001559 0.672428
v -7.530027 -1.689033 1.155435
v -7.828835 -1.397981 0.834188
v -7.832360 -1.103456 0.722003
v -7.605346 -0.796841 0.828081
v -7.436008 -1.085772 1.225413
v -7.868819 -2.007907 0.151075
v -7.430512 -2.403745 0.409800
v -7.928546 -1.708364 0.529556
v -7.846390 -0.774971 -0.197994
v -8.020092 -1.104326 -0.007218
v -7.336742 -1.411774 1.361452
v -7.205532 -0.818261 1.256738
v -7.345469 -2.014103 1.143920
v -7.414263 -0.436673 0.520651
v -7.632130 -0.534613 0.129355
v -7.532501 -2.365395 -0.226215
v -6.696143 -0.785312 1.536662
v -7.189550 -2.287933 0.990520
v -6.787280 -1.852621 1.602106
v -7.124441 -0.457458 0.957766
v -6.318350 -0.302938 1.238435
v -6.920805 -2.526517 0.838241
v -6.935215 -2.703846 0.178709
v -6.426971 -2.698032 0.872706
v -6.530887 -0.042402 0.579712
v -6.795104 -0.051083 0.121170
v -6.779205 -1.396894 1.691129
v -6.754555 -1.033502 1.641495
v -6.577434 -0.537153 1.397683
v -6.509117 -2.387789 1.323465
v -6.312394 -0.119464 0.910197
v -6.352444 -1.697007 1.798766
v -6.062418 -1.407726 1.888936
v -5.832291 -1.089417 1.889879
v -5.854769 -0.693866 1.706694
v -6.280800 -2.840680 0.527915
v -5.871445 0.149747 -0.011385
v -5.849468 -2.281728 1.584458
v -5.797704 -2.046035 1.756305
v -5.651879 -0.127818 1.091764
v -5.759964 -2.784051 0.885027
v -5.834407 0.095809 0.511417
v -5.643772 -2.961239 0.254228
v -5.718915 1.108447 -0.272336
v -5.823608 0.737564 -0.006163
v -4.922141 -2.292677 2.699867
v -5.452665 -2.315056 2.172627
v -5.172296 -2.632179 2.206683
v -5.475082 -2.023156 2.233034
v -5.440306 -1.438217 1.932611
v -5.630969 -1.671729 1.904654
v -5.307055 -2.867548 1.649121
v -5.839933 -2.516707 1.342106
v -5.404131 -0.395420 1.467560
v -5.345490 -0.077576 1.761577
v -5.699741 0.311805 1.072904
v -5.716021 0.754238 0.854153
v -5.584997 1.143445 0.882571
v -5.225018 -3.213117 0.082670
v -5.478849 1.536664 0.309935
v -5.657681 -2.952627 -0.239641
v -4.897737 -1.730896 2.700950
v -5.081814 -2.024746 2.625310
v -4.882801 -2.943416 2.012090
v -5.109107 -1.165448 1.873814
v -4.811999 -0.520048 2.149941
v -5.294527 0.286383 1.897733
v -4.900808 0.312796 2.331857
v -5.370373 0.713025 1.730441
v -4.880548 0.736989 2.284429
v -5.217462 1.189987 1.673678
v -5.128252 -0.690749 1.684767
v -4.809780 -0.973688 1.751241
v -5.278086 1.501323 1.172806
v -5.285370 -3.084204 0.980037
v -4.787554 -3.329627 0.717428
v -5.117025 1.854624 0.760304
v -5.231514 1.845697 -0.004315
v -4.643007 -2.023667 2.913131
v -4.633745 -1.450688 2.656548
v -4.572495 -2.591534 2.690926
v -4.645151 -1.180487 2.310225
v -4.482199 0.151524 2.615464
v -4.494160 -3.091335 1.963775
v -4.582622 -0.976442 1.959396
v -4.883142 -0.111299 2.282117
v -4.772188 1.499149 1.894807
v -4.711142 1.857441 1.479397
v -4.761019 2.140933 0.695834
v -4.236212 -3.402894 1.020896
v -4.501235 2.322857 -0.288643
v -3.947680 -2.582992 2.917885
v -3.971064 -1.716251 3.078513
v -3.899670 -1.203920 2.634753
v -3.829182 0.288315 2.802359
v -4.510078 0.734682 2.540707
v -4.120124 -0.109294 2.694751
v -4.643854 1.158021 2.282313
v -4.526243 -3.257039 1.441077
v -4.383235 -0.498803 2.450474
v -4.182138 1.846188 1.888043
v -4.220089 2.122244 1.412300
v -4.464630 2.323101 0.377620
v -4.419472 -3.452822 -0.290806
v -3.987206 -2.301292 3.080764
v -3.782738 -2.028042 3.155545
v -4.317119 -2.874885 2.467803
v -3.441236 -2.840453 2.641038
v -4.116949 -1.451650 2.857074
v -3.544312 -1.447538 2.913196
v -3.501366 -0.107011 2.754947
v -4.100084 0.924129 2.639764
v -3.698870 0.735153 2.749061
v -3.821972 -3.172029 2.026904
v -3.485109 -0.977544 2.257254
v -4.140738 -0.981197 2.199973
v -4.244307 1.534726 2.210521
v -3.552216 1.513527 2.343570
v -4.041573 2.330925 0.960371
v -3.805851 -3.494240 0.579020
v -3.160223 -1.727915 3.031192
v -3.068415 -2.621232 2.803628
v -3.315308 0.478383 2.759477
v -3.700199 -0.517459 2.589214
v -3.461039 1.119013 2.590055
v -3.043165 -3.278925 1.560653
v -3.555761 1.881680 1.932340
v -3.449711 2.119245 1.527519
v -3.107723 -3.408995 1.031001
v -3.345728 2.325183 0.956813
v -3.656864 -3.515359 -0.365971
v -3.149101 -2.020090 3.092479
v -3.168135 -2.315950 3.034755
v -2.872946 0.311376 2.589500
v -2.986828 -0.953198 2.753260
v -3.055649 1.847857 1.796211
v -2.842239 2.049962 1.268834
v -2.964249 2.257617 0.836705
v -2.704559 -2.162802 2.926685
v -2.549911 -1.642163 2.750309
v -3.001108 -1.306022 2.671370
v -3.178596 -0.565988 2.485241
v -2.512032 -0.615173 2.994843
v -2.864658 -0.225751 2.503057
v -2.203011 -2.461392 2.458010
v -2.560390 0.068054 2.354087
v -2.702551 0.715267 2.460111
v -2.797394 1.201291 2.278378
v -3.011387 1.517299 2.151990
v -3.169922 -3.078731 2.154759
v -2.593599 1.619361 1.732367
v -2.855871 -3.453075 0.065357
v -2.021492 -0.614426 3.180459
v -2.523857 -0.949423 3.058168
v -2.518263 -1.289280 2.991681
v -2.233402 -0.313512 2.945544
v -2.576706 -2.846221 2.281505
v -2.381641 0.195969 2.246978
v -2.040289 0.457422 1.806048
v -2.377668 1.188059 1.910218
v -2.299339 -3.098689 1.469003
v -2.498436 2.456658 1.263536
v -2.239185 -3.267768 0.299999
v -2.025593 -1.289886 3.178870
v -1.986849 -1.610774 2.998262
v -2.020506 -0.951189 3.246158
v -1.502441 -0.617714 3.246465
v -1.717335 0.052765 2.694129
v -1.973101 -2.591040 2.064719
v -2.154453 -1.961408 2.579686
v -2.143904 -2.853655 1.854800
v -2.155428 0.759822 1.889163
v -1.964733 0.895081 2.008613
v -1.772051 1.327094 2.107453
v -1.863991 1.694270 2.046765
v -2.332357 1.884118 1.821432
v -1.753098 2.015900 1.933797
v -1.794180 -2.859151 1.296872
v -2.098913 2.293493 1.676305
v -1.696342 -2.953858 0.622573
v -1.502491 -1.133280 3.286899
v -1.501720 -0.290297 3.056919
v -1.499840 -1.909565 2.752383
v -1.725107 0.286719 2.301693
v -1.707060 0.472418 1.872978
v -1.484501 0.993653 2.063615
v -1.573997 -2.450331 1.660755
v -1.516232 2.481173 1.599961
v -1.450596 -2.564640 1.191383
v -1.823118 -3.070336 -0.269234
v -1.503832 -2.836883 -0.334206
v -0.984770 -1.291315 3.181647
v -0.982290 -0.952784 3.247091
v -0.985800 -0.612642 3.182170
v -1.503853 -1.611867 3.057107
v -1.823549 -2.247847 2.186196
v -0.963615 0.260384 2.266039
v -1.186474 0.489010 1.802527
v -1.077606 1.264059 1.994319
v -1.089035 2.014054 1.828813
v -1.173763 1.673985 1.991148
v -1.206173 2.306803 1.670830
v -0.905107 -2.543804 1.068849
v -1.372475 -2.671731 0.494935
v -1.345306 -2.668730 -0.406757
v -1.041668 -0.130999 2.866822
v -0.862396 -1.918395 2.638317
v -1.024399 -2.388045 1.742324
v -0.655880 0.503137 1.484987
v -0.987846 0.958020 1.903867
v -0.601618 0.965840 1.635584
v -0.745081 -2.593790 -0.567126
v -0.494246 -2.557889 0.199588
v -0.283571 -0.930648 2.969873
v -0.786331 -1.589396 2.962509
v -0.239794 -1.259137 2.865644
v -0.509241 0.005554 2.485301
v -0.572020 0.245608 2.093216
v -0.225866 0.204856 2.741673
v -0.444426 -2.386333 1.346639
v -0.084764 -1.904936 2.138028
v -0.764822 -2.227479 2.064540
v -0.425533 0.761007 1.401879
v -0.664055 1.542102 1.729136
v -0.447899 1.574361 1.501518
v -0.327297 1.234052 1.395081
v -0.575293 1.930701 1.504309
v -0.734400 2.313714 1.371817
v -0.380526 2.270298 1.757250
v -0.378639 -0.599156 2.942568
v -0.436197 -0.277395 2.764338
v -0.319555 0.522748 2.171794
v -0.136396 -1.648232 2.515806
v -0.045769 0.838763 1.972526
v 0.151730 2.240494 2.137656
v -0.028717 -2.177517 1.480702
v 0.023331 1.015749 1.549348
v 0.142578 1.399521 1.908432
v -0.295719 1.673156 1.719342
v -0.274240 0.928370 1.244832
v 0.497137 -0.580938 3.613506
v 0.168669 -1.339612 3.145086
v 0.076702 -0.841242 3.365131
v 0.170435 -0.079728 3.327769
v 0.529966 0.180643 3.339630
v 0.144974 0.559193 2.711048
v 0.400532 -1.683873 2.936097
v 0.198544 -1.986654 2.276841
v 0.558210 -2.241733 1.928872
v 0.347946 1.072674 1.822782
v 0.054182 1.827408 2.023370
v 0.003841 -2.367107 0.510973
v 0.396263 -2.500079 -0.350048
v 0.506981 -0.961593 3.545922
v 0.501661 -0.194059 3.543242
v 0.909288 -0.187505 3.613384
v 0.677578 -1.330254 3.392860
v 0.568930 0.520495 3.009791
v 0.775677 -1.978116 2.625375
v 0.440056 0.836879 2.462601
v 0.720644 1.094982 1.995770
v 1.009853 -2.222610 2.075885
v 0.509441 1.659546 2.216128
v 0.629723 -2.417796 1.333067
v 0.714693 -2.545941 0.574136
v 0.908926 -0.977135 3.609732
v 0.909298 -0.579067 3.686416
v 1.392443 0.169125 3.310435
v 0.913511 0.185963 3.400331
v 0.907997 -1.680806 3.066651
v 1.383844 -1.723414 2.906118
v 1.288553 -1.336805 3.340340
v 1.050894 0.593273 2.978960
v 1.040510 2.115698 2.448915
v 1.196289 1.044206 2.072728
v 1.187134 1.334388 2.256688
v 1.195061 -2.416729 1.324604
v 1.205004 -2.530610 0.498773
v 1.139698 -2.567132 -0.158169
v 1.275970 -0.692025 3.622686
v 1.502516 -0.181173 3.451076
v 1.376348 -1.997103 2.455888
v 1.319563 0.833483 2.499866
v 1.646652 1.838004 2.444326
v 1.529730 -2.243402 1.716827
v 1.585987 0.958499 2.043913
v 1.613943 -2.423563 0.645570
v -3.559807 2.469988 0.420132
v -4.107993 2.449553 0.074928
v -3.821821 2.483024 -0.270497
v -3.048695 2.379996 0.158986
v -2.209297 2.796154 0.976245
v -2.628866 2.721620 0.567287
v -2.497652 2.883978 -0.063615
v -2.014519 2.574893 1.427443
v -1.989754 3.038549 0.461645
v -1.863369 3.100407 -0.042701
v -1.649303 2.827281 1.137566
v -1.521421 2.982935 0.778191
v -1.105846 2.675480 1.220608
v -1.305037 3.082060 0.111221
v -1.023930 2.967725 0.391623
v -0.912268 2.737859 0.967219
v -0.715940 3.167098 0.988808
v -1.048340 3.007375 0.039752
v -0.671192 2.719007 1.355772
v -0.409704 3.550370 1.034489
v -0.751310 3.512625 0.203436
v -0.362730 3.888081 0.251698
v -0.344404 2.714769 1.723532
v -0.237709 3.145736 1.620867
v -0.185427 3.881374 0.798929
v 0.044296 4.180571 0.247392
v 0.054609 2.719810 2.023131
v 0.337822 3.249122 1.973350
v 0.072342 3.561617 1.563009
v 0.362537 4.174247 0.865069
v 0.532991 4.394386 0.209662
v 0.335102 3.893764 1.371588
v 0.915722 4.174096 1.272711
v 0.999157 4.436497 0.655674
v 0.752186 2.740923 2.326979
v 1.043852 3.145433 2.252143
v 0.854010 3.539926 1.986847
v 0.957989 3.909752 1.654522
v 1.003637 4.517639 -0.035429
v 1.762251 3.077631 2.330711
v 1.649778 3.904075 1.744077
v 1.470640 4.384958 0.959748
v 1.899151 4.533053 0.303844
v 1.443102 4.558227 -0.262387
v -8.016526 -1.532243 -0.375820
v -7.843441 -0.976825 -0.619691
v -7.808349 -1.392759 -0.883050
v -7.637912 -1.988950 -0.828770
v -7.833504 -1.712815 -0.729117
v -7.419423 -1.757544 -1.240040
v -7.608074 -1.105428 -1.056189
v -7.530678 -0.451806 -0.197300
v -7.051581 -0.201180 -0.454848
v -7.486060 -2.269567 -0.622281
v -7.378159 -0.527351 -0.768793
v -7.222117 -2.150912 -1.137317
v -7.319268 -0.791187 -1.161737
v -7.317978 -1.285860 -1.383957
v -6.739573 -2.781571 -0.203193
v -7.029152 -2.529199 -0.737345
v -7.038528 -0.428149 -0.995395
v -6.916439 -1.615929 -1.621739
v -6.653399 -2.006741 -1.592564
v -6.934683 -1.106242 -1.577985
v -6.515994 -1.249070 -1.790300
v -6.392401 0.026537 -0.377866
v -6.560407 -2.706730 -0.737978
v -6.357218 -0.124213 -0.908927
v -6.500897 -2.403669 -1.315284
v -6.519131 -0.518577 -1.410082
v -6.355061 -1.684206 -1.812919
v -6.655051 -0.755469 -1.552217
v -6.174608 -2.891500 -0.357624
v -5.796550 -2.035295 -1.768169
v -5.830894 -1.082831 -1.891005
v -6.063026 -1.408454 -1.897303
v -5.809862 0.504605 -0.573367
v -5.727817 -2.833962 -0.755304
v -5.796615 0.054411 -0.655108
v -5.795856 -2.630213 -1.206498
v -5.656892 -0.115827 -1.081090
v -5.576890 0.746521 -1.306061
v -5.853462 -2.287261 -1.585482
v -6.254341 -0.288936 -1.245319
v -5.497437 -0.308705 -1.373069
v -5.473305 -2.024450 -2.242549
v -5.788288 -0.709593 -1.733778
v -5.373271 -3.095496 -0.658440
v -5.468018 1.513735 -0.461457
v -5.244498 1.543118 -1.168582
v -5.634289 -2.595886 -1.624273
v -5.476648 -2.863446 -1.366797
v -5.435833 1.202812 -1.242285
v -5.591904 0.313077 -1.395031
v -5.443409 -2.316934 -2.192275
v -5.229065 0.510385 -2.014083
v -5.625303 -1.671974 -1.919766
v -5.439609 -1.436125 -1.938350
v -5.052199 -1.730560 -2.584782
v -5.142501 1.857231 -0.626053
v -4.885077 2.119346 -0.351322
v -5.066805 -3.181656 -1.080326
v -4.873493 1.840101 -1.307641
v -5.293785 -2.671033 -2.026557
v -5.134878 -0.692123 -1.686876
v -4.948502 -0.491156 -2.053744
v -5.199414 -0.109938 -1.954568
v -5.114258 1.142033 -1.839589
v -4.804298 1.496662 -1.877719
v -5.088335 -1.150260 -1.877505
v -4.695673 -0.062969 -2.458903
v -4.880047 0.735831 -2.293668
v -5.059378 -2.316605 -2.579116
v -4.662763 -2.592025 -2.653565
v -4.763181 -2.024752 -2.865470
v -4.808982 -3.094809 -1.701903
v -4.444179 -3.266985 -1.482311
v -4.801265 -0.978730 -1.775050
v -4.271585 1.825525 -1.896646
v -4.691250 -2.838728 -2.331195
v -4.844130 -1.195900 -2.190932
v -4.284512 -0.584186 -2.460160
v -4.633089 0.340684 -2.541011
v -4.510394 0.740411 -2.547570
v -4.621948 -2.318780 -2.864249
v -4.614218 -1.729421 -2.868623
v -4.145950 -3.400074 -1.091267
v -4.508036 2.116117 -1.175080
v -4.141725 -3.069104 -2.181502
v -4.381075 -0.974413 -2.098521
v -3.855324 -2.852842 -2.633136
v -4.318718 -1.195920 -2.506148
v -3.873693 -0.115886 -2.764480
v -4.121923 0.310828 -2.757792
v -3.902168 1.212651 -2.558471
v -4.658930 1.109505 -2.308480
v -4.201479 -2.454808 -2.966792
v -4.747124 -1.429081 -2.587358
v -4.115764 -1.454626 -2.867362
v -4.204656 -1.895528 -3.091895
v -3.809208 2.142663 -1.537202
v -4.040248 -0.979891 -2.232818
v -3.490784 -0.977357 -2.266650
v -3.543188 1.861226 -1.970117
v -4.262205 1.526472 -2.219583
v -3.702814 1.518351 -2.337111
v -3.655861 -2.313169 -3.102570
v -3.894428 0.761365 -2.750670
v -3.655735 -2.022802 -3.162884
v -3.652782 -3.269381 -1.754909
v -3.098478 -2.948695 -2.404917
v -3.698975 -0.516043 -2.598189
v -3.365952 1.275401 -2.483640
v -3.312874 -2.594360 -2.900519
v -3.367382 0.297707 -2.786695
v -3.652740 -1.727736 -3.099560
v -2.779167 -3.275835 -1.381036
v -3.113377 1.960028 -1.686614
v -3.458178 -3.086322 -2.212226
v -2.880476 1.508162 -2.098639
v -3.024303 -1.294661 -2.663802
v -2.991222 -0.951145 -2.758174
v -3.180662 -0.556465 -2.496440
v -3.285263 -0.107066 -2.704886
v -3.284286 0.738537 -2.703116
v -3.161364 -2.314875 -3.042485
v -3.414684 -1.337072 -2.818793
v -3.159575 -1.734228 -3.042535
v -3.057106 -3.418797 -0.951333
v -2.900787 2.139922 -1.116699
v -2.757521 1.923105 -1.463346
v -2.760719 -2.619789 -2.685269
v -2.859226 -0.215574 -2.507253
v -2.944717 0.514749 -2.636100
v -2.559986 0.639012 -2.360106
v -2.732624 1.137503 -2.283658
v -2.425722 -2.321523 -2.718955
v -2.507851 -1.287259 -3.006793
v -2.283197 -3.263097 -0.530501
v -2.447237 -3.082169 -1.672996
v -2.582748 1.585494 -1.758688
v -2.431747 1.265776 -1.899354
v -2.151535 1.598890 -2.000959
v -2.462595 -2.851088 -2.188071
v -2.253944 0.306109 -2.095525
v -2.198105 0.821130 -1.923965
v -2.205860 -2.593060 -2.330979
v -2.544363 0.071943 -2.348197
v -2.195230 0.016880 -2.618443
v -2.840176 -2.040785 -3.003171
v -2.553028 -1.649821 -2.759791
v -2.503395 -0.618404 -3.009387
v -2.146738 -0.243298 -2.927928
v -2.521770 -0.949839 -3.067971
v -2.067366 -3.088006 -1.077081
v -2.003321 -2.889509 -1.612258
v -2.059563 0.446247 -1.822267
v -1.722076 0.471559 -1.881553
v -1.788397 0.868859 -2.045442
v -2.323057 2.303842 -1.562907
v -1.770433 2.341761 -1.729481
v -1.684792 0.266863 -2.354125
v -2.240889 2.013855 -1.821880
v -2.136602 -1.975904 -2.570859
v -1.982544 -1.612673 -3.006533
v -2.013288 -1.286630 -3.192267
v -1.674606 -2.850463 -1.013764
v -1.572186 -2.463985 -1.633322
v -1.826746 -2.247314 -2.198214
v -1.781849 1.284080 -2.116967
v -1.463467 1.696431 -2.060975
v -1.473238 1.993407 -1.952361
v -1.510391 -1.661996 -3.028571
v -1.496630 -0.290439 -3.065354
v -1.274399 -0.004455 -2.769692
v -1.502291 -0.948453 -3.317935
v -2.022657 -0.951538 -3.254348
v -1.734921 -0.664179 -3.270528
v -1.459454 -2.566042 -1.226921
v -1.186989 0.492563 -1.817562
v -1.225805 2.287767 -1.704097
v -1.110657 0.970390 -1.978501
v -1.049915 1.321370 -1.991902
v -1.067238 -1.912764 -2.704203
v -1.168270 -1.306535 -3.234813
v -0.982752 -0.952858 -3.255477
v -0.783854 -2.396965 -1.620321
v -0.963057 0.271647 -2.254130
v -0.665573 1.122424 -1.760363
v -0.915285 1.969818 -1.760884
v -0.910992 1.626892 -1.885610
v -1.012627 -1.613312 -3.005034
v -0.948046 -0.471977 -3.114404
v -0.717304 -2.215126 -2.082539
v -0.652931 0.504224 -1.492192
v -0.370626 0.829839 -1.361117
v -0.568766 1.913995 -1.514978
v -0.380177 2.273084 -1.766262
v -0.593468 0.307789 -1.974189
v -0.550222 -1.918244 -2.488473
v -0.539198 0.072818 -2.408929
v -0.549057 -1.612737 -2.831240
v -0.217657 -1.265216 -2.860364
v -0.376949 -0.596715 -2.945113
v -0.442108 -0.260905 -2.760015
v 0.019751 -2.343148 -0.669982
v -0.033007 -2.165771 -1.523272
v -0.231031 0.955625 -1.243985
v -0.018745 1.007010 -1.515405
v -0.388529 1.420931 -1.492168
v -0.069263 1.422388 -1.786627
v -0.062445 0.824458 -1.996072
v -0.141113 1.859266 -1.916227
v 0.026897 2.271278 -2.073207
v -0.082151 -1.849795 -2.227816
v -0.139622 -1.603654 -2.572284
v -0.177408 0.516933 -2.425630
v -0.283955 -0.936230 -2.982055
v 0.123262 -0.971622 -3.345128
v -0.228849 -0.188525 -3.015504
v -0.020397 0.222173 -2.965098
v 0.373793 -2.416236 -1.067807
v 0.327539 -2.249658 -1.733430
v 0.319191 1.073104 -1.804853
v 0.795864 1.396742 -2.217752
v 0.246681 -2.011515 -2.286494
v 0.341949 0.827750 -2.410935
v 0.515837 1.827438 -2.260143
v 0.470074 -1.701969 -2.954184
v 0.389269 0.513360 -2.950686
v 0.168224 -1.338675 -3.153840
v 0.107323 -0.578497 -3.413600
v 0.505297 -0.965348 -3.552772
v 0.343201 -0.225325 -3.501454
v 0.877140 -2.533391 -0.720671
v 0.843740 -2.423462 -1.408591
v 0.767178 -2.239466 -2.023970
v 0.742823 1.092384 -2.017638
v 0.673317 2.244556 -2.371597
v 0.737324 0.833906 -2.587459
v 0.907349 0.525854 -3.071551
v 0.701878 -1.360897 -3.383412
v 0.495924 -0.579074 -3.621488
v 0.532671 0.183205 -3.347079
v 1.309196 -2.241417 -1.914534
v 1.013809 1.828202 -2.399644
v 0.797636 -1.980747 -2.628386
v 1.534117 2.272667 -2.494895
v 1.047266 -1.684675 -3.072905
v 0.913708 0.180496 -3.413880
v 0.910519 -0.968110 -3.623191
v 0.907454 -0.579347 -3.694741
v 0.910872 -0.187588 -3.621684
v 1.462254 -2.424751 -1.011816
v 1.358751 -1.993878 -2.481831
v 1.196533 1.044018 -2.084920
v 1.782616 0.887535 -1.992732
v 1.534195 1.825671 -2.446189
v 1.641962 -1.695272 -2.771317
v 1.373331 0.516616 -2.979995
v 1.414326 -1.318266 -3.320834
v 1.318487 -0.578405 -3.623311
v 1.315872 -0.193769 -3.551791
v -4.016449 2.327319 -0.991632
v -3.330437 2.380766 -0.766331
v -3.007530 2.328437 -0.573135
v -2.669760 2.717833 -0.475317
v -2.528194 2.588664 -1.042810
v -2.119461 2.974946 -0.570873
v -2.149137 2.816667 -0.981170
v -2.013035 2.571348 -1.442192
v -1.607952 3.076738 -0.415678
v -1.707541 2.892985 -1.012974
v -1.319599 2.895497 -0.951568
v -1.354259 2.571102 -1.480143
v -1.020950 2.967227 -0.391723
v -0.933405 2.785638 -0.877288
v -0.666334 3.151764 -1.098456
v -0.762556 2.404644 -1.319904
v -0.668612 2.718548 -1.368600
v -0.673054 3.541777 -0.414485
v -0.436686 3.517286 -1.055437
v -0.325745 3.883048 -0.483073
v -0.059134 3.886282 -0.984417
v 0.213469 3.559510 -1.666425
v -0.137548 2.780159 -1.895047
v -0.232254 3.148951 -1.632543
v 0.133545 4.185826 -0.463792
v 0.407337 4.169317 -0.931603
v 0.344351 3.888390 -1.394510
v 0.581306 4.385929 -0.385560
v 0.969822 4.184758 -1.279251
v 0.856581 3.526886 -1.996495
v 0.954725 3.899063 -1.673734
v 0.518787 2.717552 -2.261346
v 1.050159 4.393411 -0.838843
v 0.427647 3.145376 -2.075067
v 1.420771 2.680523 -2.456760
v 1.048349 3.151247 -2.258600
v 1.711424 3.883925 -1.773499
v 1.726799 3.589206 -2.040817
v 1.899696 -0.903172 3.189294
v 1.703398 -0.981219 3.324866
v 1.856592 -0.553612 3.301348
v 1.819767 -0.179698 3.229023
v 1.571993 0.523715 2.833565
v 1.798685 0.253576 2.946267
v 1.648149 -1.343266 3.142138
v 2.034828 -1.594172 2.498904
v 1.978922 -1.321580 2.859802
v 1.820150 0.447069 2.722927
v 1.824667 -2.017697 1.979698
v 1.801365 0.882154 1.981436
v 1.534924 2.273012 2.486308
v 1.958336 -2.246396 0.816059
v 1.886984 -2.325897 -0.418534
v 2.269909 -0.407121 3.670479
v 2.325315 -1.156411 3.377307
v 2.087414 0.681201 2.743032
v 2.390266 -1.780380 2.506140
v 2.367058 2.325970 2.369425
v 2.061522 -1.778644 2.113534
v 2.173149 1.069352 2.031192
v 2.017929 1.398851 2.252887
v 2.109421 -1.971932 1.575903
v 2.155781 -2.144549 0.626998
v 2.701296 -0.406083 3.894156
v 2.735991 -1.152973 3.599556
v 2.290073 -0.788555 3.601325
v 2.712492 -0.786316 3.822019
v 2.266899 -0.019363 3.582622
v 2.712742 -0.022704 3.821301
v 2.336191 0.341168 3.390379
v 2.733629 0.342423 3.597342
v 2.592768 -1.483325 3.181341
v 2.572149 0.682538 3.165676
v 2.588717 0.969893 2.670756
v 2.545427 -2.029883 1.958460
v 2.551834 1.825577 2.251532
v 2.616545 1.235789 1.994315
v 2.485609 -2.216567 1.007380
v 2.687338 -2.327119 -0.011055
v 3.155956 -0.785198 3.897712
v 3.155748 -0.405923 3.974387
v 3.156794 -0.020530 3.895460
v 3.157520 -1.152826 3.672598
v 3.266876 0.663795 3.325972
v 3.341139 -1.470073 3.336069
v 3.022379 -1.796464 2.797889
v 2.916208 1.325464 1.884765
v 3.206619 1.816697 1.893428
v 3.043196 2.272944 2.063803
v 3.047878 -2.217576 1.507961
v 3.021015 -2.359839 0.413727
v 3.580997 -0.641085 3.877972
v 3.597559 -0.024249 3.823247
v 3.338020 0.330824 3.686541
v 3.504452 1.213674 2.147607
v 3.028435 -2.035332 2.188918
v 3.631845 -2.041350 2.033699
v 3.370882 1.385446 1.582544
v 3.450068 2.272457 1.756852
v 3.584578 1.811025 1.542918
v 3.455446 -2.330261 0.569290
v 3.573618 -1.152984 3.601550
v 4.060255 -1.479404 2.949739
v 3.652061 -1.810213 2.633408
v 3.359373 0.974566 2.800131
v 3.959766 1.647610 1.828313
v 4.019978 1.998643 1.628181
v 3.652643 -2.212146 1.270236
v 3.854628 2.247787 1.299486
v 4.106478 -0.798076 3.539282
v 4.045004 -0.405279 3.670959
v 4.027241 -0.019831 3.598231
v 4.445421 -0.404749 3.303520
v 3.976719 0.341978 3.391539
v 3.974667 -1.157445 3.389275
v 3.998823 0.698257 2.950776
v 3.930548 0.988314 2.456334
v 4.069843 -1.787589 2.331981
v 4.306728 0.983805 1.998451
v 3.880705 1.199799 1.906053
v 4.181601 -2.018782 1.417259
v 3.969429 -2.200665 0.783085
v 3.874636 -2.257634 -0.193711
v 4.348560 -1.155087 3.049026
v 4.760427 -0.790029 2.760107
v 4.421370 -0.020751 3.236232
v 4.762779 -0.021924 2.756106
v 4.612160 0.332555 2.703845
v 4.827631 -1.187429 2.294101
v 4.520767 0.679256 2.333801
v 4.390772 -1.798023 1.837373
v 4.531996 1.636353 1.912060
v 4.370758 2.176807 1.535704
v 4.730951 -2.268773 1.212500
v 4.527552 -2.425030 0.553478
v 4.773159 -2.485415 -0.264714
v 4.796541 -0.404490 2.807682
v 4.610975 -1.514687 2.138337
v 4.963364 -0.825491 2.330554
v 4.992615 0.141339 2.168418
v 5.102032 -1.462954 2.216130
v 4.717899 0.702011 1.896149
v 5.010122 1.159268 1.886227
v 4.916849 1.506567 1.865909
v 4.824850 -2.077641 1.621238
v 4.829756 2.176930 1.471646
v 5.521042 -1.005711 2.282811
v 5.113886 -0.435795 2.154525
v 4.902718 -1.857310 1.912051
v 5.185976 -0.018416 1.755124
v 5.592051 -1.973904 1.713450
v 5.212650 0.214863 1.351597
v 5.261784 0.864423 1.726704
v 4.999100 0.458533 1.675574
v 5.464830 0.575912 1.441319
v 5.157930 1.753190 1.656937
v 5.298359 2.279366 1.009082
v 5.371534 2.035233 1.263665
v 5.456285 -2.476665 0.267120
v 4.949131 -2.500576 0.247082
v 5.439331 -1.495424 2.174567
v 5.590879 -0.488258 2.122570
v 5.824594 0.051144 1.457821
v 5.377794 1.375948 1.656011
v 5.492836 -2.336823 1.020193
v 5.525928 0.291522 1.114450
v 5.745064 0.833105 1.246932
v 5.791313 1.277111 1.242138
v 5.596752 1.632438 1.352934
v 5.844227 1.772323 0.878149
v 5.733322 2.011250 0.778040
v 5.919830 -1.297855 2.107441
v 5.877888 -0.867001 2.182058
v 6.257111 -0.601922 1.877009
v 5.676216 -0.190470 1.852931
v 6.237347 -1.830917 1.527631
v 6.227364 -0.168100 1.514567
v 6.241934 -2.069650 1.113876
v 6.304537 0.045065 1.052635
v 6.206558 -2.276787 0.462093
v 5.808632 0.349954 0.677167
v 5.844673 0.544462 0.873459
v 6.061644 0.841380 0.601534
v 6.041309 1.308308 0.745076
v 5.927433 -2.394852 0.163352
v 5.953146 0.381447 0.250881
v 6.074514 1.579251 0.366342
v 5.858759 2.055254 0.153386
v 6.488113 -1.037305 1.801039
v 5.983934 -1.565068 1.944425
v 6.589422 -1.583431 1.454627
v 6.495306 -1.306422 1.727029
v 6.636147 -0.392480 1.363984
v 6.679388 -1.876513 0.887151
v 6.587101 0.042954 0.515939
v 6.204781 0.239896 0.560696
v 6.745937 -1.969015 0.451568
v 6.463871 0.169534 -0.181122
v 6.130716 0.844893 -0.212266
v 6.165890 1.289008 0.186355
v 6.780571 -0.682114 1.417912
v 6.960154 -1.287582 1.165605
v 6.919577 -1.005000 1.292535
v 6.707840 -0.163225 0.907023
v 7.053677 -0.441988 0.626204
v 6.933205 -0.197077 0.211093
v 6.966413 -1.576910 0.829000
v 7.176195 -1.033252 0.768153
v 7.184332 -0.737109 0.601934
v 7.123384 -1.578820 0.240654
v 7.265312 -1.270453 0.222643
v 7.109093 -0.420236 -0.234815
v 7.295654 -0.849927 -0.008999
v 1.533731 2.719562 2.437306
v 2.053791 2.718637 2.391042
v 1.730495 3.579389 2.038938
v 1.795338 4.185765 1.349818
v 2.553663 2.717613 2.251115
v 2.528343 3.878007 1.540402
v 2.620098 3.505131 1.844399
v 2.302628 4.385659 0.692939
v 2.492313 3.146822 2.121114
v 2.476032 4.179713 1.064623
v 2.518658 4.404070 -0.265152
v 2.959803 3.000728 1.980435
v 3.253294 3.590496 1.290864
v 2.859007 4.174714 0.658199
v 3.412529 2.724571 1.720769
v 3.498959 3.176818 1.419042
v 3.125050 3.889759 0.972563
v 3.391380 3.875205 0.508206
v 3.037844 4.173110 0.139198
v 3.414591 3.914369 -0.191766
v 3.744955 2.719807 1.349230
v 3.707483 3.541623 0.545627
v 3.767754 3.571804 -0.211520
v 4.063850 2.556675 0.878196
v 4.412352 2.471776 1.125359
v 4.149105 2.677519 0.529229
v 3.928274 3.163699 0.667358
v 4.189178 2.744448 -0.062636
v 4.028957 3.160470 -0.005897
v 4.618828 2.681787 0.558054
v 4.588615 2.737772 -0.213688
v 5.047998 2.482051 0.856561
v 5.050282 2.636211 0.242522
v 5.501598 2.400268 0.269073
v 1.782274 -1.996246 -2.089129
v 1.816669 1.317744 -2.260087
v 1.362989 0.817044 -2.522782
v 1.814579 0.630586 -2.459149
v 1.937283 -1.216455 -2.978604
v 1.387558 0.225759 -3.279647
v 1.800108 0.285435 -2.920812
v 1.498188 -0.933827 -3.491067
v 1.862177 -0.462200 -3.307578
v 1.822474 -0.157166 -3.233935
v 2.247086 -0.007186 -3.573672
v 2.153090 -2.175130 -0.274002
v 1.804811 -2.236750 -1.300185
v 2.122179 -2.033825 -1.344395
v 2.071533 -1.810381 -2.042804
v 2.416908 -1.774684 -2.547494
v 2.159452 1.057649 -2.042859
v 2.004566 -1.518685 -2.620296
v 2.296070 0.690267 -2.962312
v 2.075626 2.013572 -2.440284
v 1.898287 -0.867270 -3.204314
v 2.288208 -0.786327 -3.609233
v 2.338791 0.345728 -3.395642
v 2.551424 -0.390978 -3.842450
v 2.705505 -2.221333 -1.312735
v 2.573751 -2.030377 -1.984872
v 2.597176 0.956817 -2.717677
v 2.547884 1.206365 -2.025508
v 2.550686 1.830612 -2.261550
v 2.942389 2.255746 -2.131986
v 2.341009 -1.156879 -3.398469
v 2.736963 -1.153589 -3.607598
v 2.713486 -0.790199 -3.829535
v 2.713245 -0.025243 -3.831143
v 2.742390 0.345135 -3.606925
v 3.279299 -2.349318 -0.657217
v 3.370998 1.385083 -1.591330
v 3.045544 -2.028138 -2.226157
v 2.896544 1.319421 -1.904210
v 3.186193 1.784396 -1.911410
v 2.977669 -1.799096 -2.784428
v 3.379051 0.965086 -2.820352
v 2.579863 -1.445060 -3.244063
v 3.157862 -0.788628 -3.905351
v 3.159157 -1.151412 -3.681712
v 3.156096 0.342893 -3.678548
v 3.157829 -0.405464 -3.983214
v 3.643414 -2.039017 -2.050185
v 3.549324 1.222407 -2.106561
v 3.668636 -1.803340 -2.646418
v 3.370972 -1.464807 -3.339149
v 3.047606 0.663363 -3.341949
v 3.580076 0.340592 -3.608081
v 3.157839 -0.018035 -3.902715
v 3.507050 -2.225564 -1.373076
v 4.011860 -2.169307 -0.915092
v 3.905828 1.500818 -1.865523
v 3.886375 1.197616 -1.919332
v 3.560450 1.768535 -1.559709
v 3.808252 2.181805 -1.374349
v 3.451324 2.273700 -1.763970
v 3.937710 1.004808 -2.421830
v 3.536810 0.677007 -3.250518
v 3.577374 -1.151904 -3.610194
v 3.559509 -0.146691 -3.897340
v 4.372389 -2.257015 -1.053281
v 4.170235 -2.025977 -1.409082
v 4.332155 2.277733 -1.416720
v 4.069824 -1.787998 -2.339556
v 4.282162 1.819953 -1.818486
v 3.917473 1.908192 -1.681406
v 4.067944 -1.492041 -2.927024
v 3.977846 -1.153497 -3.399268
v 3.739361 -0.813824 -3.770614
v 4.050278 -0.407246 -3.674747
v 4.029697 -0.023339 -3.607097
v 4.439203 -2.402681 -0.539463
v 4.397106 -1.782394 -1.882369
v 4.563169 2.039332 -1.669363
v 4.630211 -1.499165 -2.164374
v 4.582077 1.309461 -2.001554
v 4.400597 0.923514 -1.992229
v 4.024879 0.719851 -2.904357
v 4.351513 -1.152812 -3.055604
v 4.248352 0.363527 -3.151965
v 4.415272 -0.788258 -3.253192
v 4.424114 -0.022271 -3.242890
v 5.009573 -2.318320 -1.139683
v 4.744003 0.677204 -1.888003
v 5.095057 -1.577811 -2.158851
v 4.804821 -1.198206 -2.299062
v 5.089420 -1.164783 -2.337544
v 4.654753 0.525241 -2.391570
v 4.755871 1.601950 -1.887609
v 4.761593 -0.784151 -2.768701
v 4.997719 -0.740099 -2.309333
v 4.448853 -0.407501 -3.307157
v 4.801373 -0.406795 -2.806947
v 5.561646 -2.435658 -0.555684
v 5.640606 -2.242639 -1.212608
v 4.843430 -2.058960 -1.661565
v 5.001936 0.454080 -1.684327
v 5.241232 0.219693 -1.339235
v 5.318518 2.157508 -1.188802
v 5.318195 -1.839864 -1.932721
v 5.093746 1.294060 -1.857455
v 5.537539 1.564901 -1.465839
v 5.204107 1.763222 -1.624538
v 5.119724 -0.426095 -2.154298
v 4.834618 -0.026446 -2.639436
v 5.167690 -0.079761 -1.859017
v 5.573839 0.303276 -1.064849
v 5.752146 0.717011 -1.199556
v 5.664572 -1.980893 -1.686501
v 5.688068 0.048938 -1.527994
v 5.253790 0.837797 -1.735287
v 5.479115 0.557447 -1.417782
v 5.556095 1.149066 -1.540668
v 5.721319 -1.583833 -2.058390
v 5.570887 -1.140659 -2.282815
v 5.784515 -0.740563 -2.183431
v 5.707352 -0.472815 -2.096408
v 5.923836 0.365660 -0.393063
v 6.015907 1.781243 -0.268048
v 5.759779 2.179262 -0.251292
v 5.808384 0.375752 -0.710494
v 6.043854 1.014243 -0.739666
v 5.932219 1.409133 -0.980758
v 6.113787 -2.064949 -1.252729
v 6.101381 0.133715 -1.097312
v 5.784428 1.874306 -0.891021
v 5.955587 -0.198256 -1.745118
v 5.946720 -1.009321 -2.151748
v 6.138451 1.240748 -0.381328
v 6.349274 -2.170854 -0.669772
v 6.300201 -1.834757 -1.475778
v 6.368263 -1.576990 -1.692997
v 6.197205 -1.305038 -1.970975
v 6.520586 -1.022359 -1.778942
v 6.272886 -0.550996 -1.847201
v 6.792128 -1.958750 -0.239424
v 6.452576 0.050662 -0.814424
v 6.701239 -1.867883 -0.864750
v 6.474831 -0.152093 -1.239137
v 6.702965 -1.281132 -1.536706
v 6.694885 -0.430069 -1.343051
v 7.134657 -1.507909 -0.411096
v 6.846308 -0.166703 -0.541561
v 6.859119 -1.618122 -1.026750
v 7.085466 -1.295292 -0.878219
v 7.159447 -0.748576 -0.722517
v 7.247232 -1.004245 -0.465393
v 6.997589 -0.984033 -1.178260
v 6.970070 -0.436898 -0.827912
v 6.715176 -0.711185 -1.512265
v 1.673830 4.174901 -1.382532
v 1.892237 3.179806 -2.271558
v 1.878887 4.514500 -0.400913
v 1.887136 4.393723 -0.896942
v 2.271162 3.888582 -1.628897
v 2.405737 2.751203 -2.309270
v 2.988956 4.167346 -0.406625
v 2.491329 3.301537 -2.045245
v 2.484102 4.194417 -1.064832
v 2.770580 3.890572 -1.354895
v 3.073666 3.517661 -1.543924
v 2.904104 2.917414 -2.043054
v 3.203856 3.885215 -0.885516
v 3.558073 3.556778 -0.904290
v 3.494617 3.126940 -1.481476
v 3.412203 2.715648 -1.732415
v 3.920918 3.192420 -0.654953
v 4.149069 2.680376 -0.512302
v 3.742609 2.720239 -1.361449
v 4.044231 2.538302 -0.912306
v 4.471018 2.581057 -0.903548
v 5.173018 2.552617 -0.482402
v 4.863169 2.489861 -0.986812
v 4.867994 2.171593 -1.474254
v 5.522539 2.274572 -0.670347
vn -0.9452 -0.0164 0.3261
vn -0.9381 -0.3280 0.1116
vn -0.9636 0.2320 0.1326
vn -0.8122 -0.2544 0.5250
vn -0.7704 0.2189 0.5988
vn -0.7416 0.3513 0.5715
vn -0.8251 -0.4991 0.2648
vn -0.9470 0.1044 0.3039
vn -0.7341 0.6310 0.2508
vn -0.7288 0.0626 0.6818
vn -0.6324 0.4730 0.6135
vn -0.5954 0.6805 0.4271
vn -0.6195 -0.6797 0.3926
vn -0.5079 -0.8609 0.0295
vn -0.4179 -0.6134 0.6701
vn -0.4102 -0.5798 0.7040
vn -0.5028 0.1980 0.8414
vn -0.5082 0.3455 0.7889
vn -0.3334 -0.9339 0.1290
vn -0.4098 0.8854 0.2194
vn -0.3537 -0.1733 0.9192
vn -0.3397 0.7561 0.5594
vn -0.3724 -0.7597 0.5331
vn -0.3209 -0.9155 0.2427
vn -0.2317 -0.5413 0.8083
vn -0.2331 -0.5394 0.8092
vn -0.2327 -0.5400 0.8089
vn -0.2336 -0.5388 0.8094
vn -0.2461 0.1751 0.9533
vn -0.1737 -0.9844 0.0294
vn -0.0728 -0.0597 0.9956
vn -0.0677 0.0460 0.9966
vn -0.1269 -0.3161 0.9402
vn -0.1740 -0.8257 0.5366
vn -0.1023 0.7115 0.6952
vn -0.1267 -0.9344 0.3329
vn -0.1206 -0.8659 0.4854
vn -0.1217 0.8673 0.4826
vn -0.0938 0.9188 0.3835
vn -0.9860 0.1143 0.1211
vn -0.9452 0.3109 0.1002
vn -0.9937 0.0802 0.0787
vn -0.6868 -0.1975 0.6995
vn -0.6883 0.3083 0.6567
vn -0.8110 -0.1776 0.5574
vn -0.8223 0.1486 0.5493
vn 0.0256 0.4213 0.9066
vn 0.0214 0.6053 0.7957
vn -0.6394 -0.7072 0.3017
vn -0.8794 -0.2255 0.4192
vn -0.9175 0.1486 0.3689
vn -0.8322 0.4202 0.3619
vn -0.5485 -0.8258 0.1309
vn -0.5156 -0.8569 -0.0004
vn -0.6895 -0.2188 0.6904
vn -0.6407 0.4485 0.6232
vn -0.6830 0.2513 0.6858
vn -0.4792 0.6969 0.5335
vn -0.7228 -0.3237 0.6106
vn -0.7223 -0.3243 0.6109
vn -0.7232 -0.3232 0.6103
vn -0.7330 -0.1093 0.6714
vn 0.0596 0.3714 0.9266
vn -0.7794 -0.3419 0.5250
vn -0.6366 0.6278 0.4479
vn -0.3193 -0.9143 0.2493
vn -0.4030 -0.8847 0.2343
vn -0.6268 0.6956 0.3511
vn -0.3948 -0.9128 0.1046
vn -0.7244 0.6820 0.1005
vn -0.5459 -0.0936 0.8326
vn -0.3540 -0.7544 0.5528
vn -0.5644 0.1183 0.8170
vn -0.5372 0.0819 0.8395
vn -0.2660 -0.8484 0.4577
vn -0.3639 0.8336 0.4156
vn -0.3710 0.8300 0.4164
vn -0.3704 0.8304 0.4163
vn -0.3715 0.8298 0.4164
vn -0.5706 -0.5437 0.6155
vn -0.5277 -0.3431 0.7771
vn -0.6314 0.4663 0.6196
vn -0.4025 0.6960 0.5946
vn -0.4119 0.8482 0.3331
vn -0.2249 -0.9581 0.1773
vn -0.5020 0.8644 0.0273
vn -0.3599 -0.3211 0.8760
vn -0.3618 0.3198 0.8757
vn -0.3119 0.5027 0.8062
vn -0.2402 0.7573 0.6073
vn -0.2326 0.7631 0.6030
vn -0.2340 0.7620 0.6038
vn -0.4962 -0.2837 0.8205
vn -0.2807 0.1088 0.9536
vn -0.5400 0.3075 0.7834
vn -0.3197 0.4932 0.8090
vn -0.4688 -0.5305 0.7063
vn -0.3249 0.9190 0.2235
vn -0.1563 -0.9857 0.0634
vn -0.1581 -0.9861 0.0511
vn -0.0852 -0.8026 0.5905
vn -0.0814 0.6129 0.7860
vn -0.0943 -0.1952 0.9762
vn -0.0900 -0.3351 0.9379
vn -0.2958 0.1165 0.9481
vn -0.1841 0.1692 0.9682
vn -0.0660 -0.6040 0.7943
vn -0.0899 0.5127 0.8539
vn -0.1085 0.7254 0.6797
vn -0.0808 -0.9967 0.0095
vn 0.0399 -0.4960 0.8674
vn 0.0912 0.2904 0.9526
vn 0.0600 0.2071 0.9765
vn 0.0676 -0.6659 0.7429
vn 0.0377 -0.8889 0.4566
vn 0.0700 0.8197 0.5684
vn -0.0545 0.4107 0.9101
vn -0.0073 -0.9740 0.2265
vn 0.3463 -0.1173 0.9307
vn -0.6956 -0.1356 0.7055
vn 0.1148 -0.5454 0.8303
vn 0.1383 -0.4277 0.8933
vn 0.2962 -0.3204 0.8998
vn 0.3061 -0.1467 0.9406
vn 0.3521 0.3873 0.8521
vn 0.2830 0.5152 0.8090
vn 0.2251 0.7272 0.6484
vn 0.2252 0.7272 0.6484
vn 0.2256 0.7276 0.6479
vn 0.2010 0.8210 0.5344
vn 0.0604 -0.9977 0.0318
vn 0.3483 -0.4908 0.7986
vn 0.3955 0.1872 0.8992
vn -0.5279 0.2909 0.7979
vn -0.5905 0.1703 0.7888
vn -0.5231 0.4446 0.7271
vn 0.2265 -0.7987 0.5575
vn 0.3798 -0.6642 0.6439
vn 0.5563 -0.0852 0.8266
vn 0.3964 0.1242 0.9096
vn 0.2613 -0.8965 0.3578
vn 0.4956 0.5904 0.6370
vn 0.4223 0.6897 0.5882
vn -0.3479 0.1864 0.9188
vn -0.3441 0.1797 0.9216
vn -0.3474 0.1855 0.9192
vn 0.4890 0.1461 0.8600
vn -0.5408 -0.1696 0.8239
vn -0.5409 -0.1698 0.8237
vn -0.5410 -0.1700 0.8236
vn 0.5799 -0.2454 0.7769
vn -0.3510 0.6864 0.6369
vn 0.5646 0.5400 0.6242
vn -0.5647 0.4861 0.6669
vn 0.2816 -0.9475 0.1515
vn -0.3453 -0.1788 0.9213
vn -0.3487 -0.1845 0.9189
vn -0.3448 -0.1779 0.9216
vn -0.1227 0.1897 0.9742
vn -0.2608 -0.6861 0.6792
vn -0.2345 0.7527 0.6152
vn 0.4841 -0.7067 0.5160
vn -0.1583 0.8982 0.4100
vn -0.2900 -0.0887 0.9529
vn 0.6025 -0.6993 0.3846
vn -0.1643 -0.3908 0.9057
vn -0.2612 0.3988 0.8790
vn -0.0565 -0.4320 0.9001
vn -0.1063 0.4984 0.8604
vn -0.0728 -0.1915 0.9788
vn 0.0843 0.1830 0.9795
vn 0.6269 -0.6785 0.3830
vn 0.6996 -0.4892 0.5208
vn 0.0510 -0.4324 0.9002
vn 0.1271 -0.5312 0.8377
vn 0.1142 -0.7103 0.6946
vn 0.1139 -0.7099 0.6950
vn 0.1143 -0.7104 0.6944
vn 0.0262 0.7341 0.6786
vn 0.0738 -0.8741 0.4801
vn 0.0730 -0.8735 0.4813
vn 0.0736 -0.8740 0.4804
vn 0.0722 -0.8729 0.4825
vn 0.0536 0.8582 0.5105
vn 0.0847 0.8298 0.5516
vn 0.0247 0.9170 0.3982
vn 0.1616 0.0097 0.9868
vn 0.1647 0.0463 0.9853
vn 0.1355 0.5120 0.8482
vn 0.0907 -0.9666 0.2396
vn 0.6658 -0.7449 0.0429
vn 0.3677 -0.1791 0.9125
vn 0.1399 -0.1889 0.9720
vn 0.1470 0.5537 0.8196
vn 0.2669 0.5494 0.7918
vn 0.3077 0.5026 0.8079
vn 0.1905 0.9137 0.3590
vn 0.1919 0.9132 0.3595
vn 0.1931 0.9129 0.3596
vn 0.1932 0.9128 0.3598
vn 0.4833 -0.3755 0.7908
vn 0.5701 -0.0744 0.8182
vn 0.5699 -0.0747 0.8183
vn 0.5702 -0.0742 0.8182
vn 0.5455 -0.3166 0.7761
vn 0.4946 0.2710 0.8258
vn 0.1299 -0.9915 0.0039
vn 0.1246 -0.9922 0.0005
vn 0.1246 -0.9922 -0.0002
vn 0.3884 -0.2313 0.8920
vn 0.3579 0.1782 0.9166
vn 0.3578 0.1783 0.9166
vn 0.3578 0.1781 0.9167
vn 0.3759 -0.3733 0.8482
vn 0.3634 -0.6952 0.6202
vn -0.7464 0.5077 0.4303
vn -0.6239 0.6851 0.3761
vn 0.5717 -0.0708 0.8174
vn 0.7217 0.0397 0.6910
vn 0.6867 0.2401 0.6861
vn -0.7295 -0.2657 0.6302
vn 0.3312 -0.8792 0.3424
vn -0.7387 -0.0752 0.6698
vn 0.2480 -0.9596 0.1328
vn -0.7139 -0.1484 0.6843
vn -0.7014 0.2452 0.6692
vn 0.4475 -0.5292 0.7209
vn -0.5773 -0.3158 0.7529
vn -0.5913 0.6590 0.4648
vn -0.4468 -0.7672 0.4602
vn -0.6147 -0.1366 0.7768
vn 0.3617 -0.8499 0.3833
vn -0.4018 0.8663 0.2967
vn -0.5368 -0.3205 0.7804
vn -0.5825 -0.0861 0.8083
vn -0.5441 0.7806 0.3077
vn -0.4216 -0.1691 0.8909
vn -0.6417 0.1162 0.7581
vn -0.5165 0.1053 0.8498
vn -0.4819 0.6381 0.6005
vn -0.4282 -0.7643 0.4822
vn -0.4667 -0.3181 0.8252
vn 0.0781 0.9535 -0.2912
vn -0.3032 -0.9371 0.1730
vn -0.3723 -0.4976 0.7835
vn -0.1574 -0.4399 0.8841
vn -0.1722 0.1780 0.9689
vn -0.1709 0.1794 0.9688
vn -0.1709 0.1793 0.9688
vn -0.1696 0.1807 0.9688
vn -0.1666 -0.7282 0.6648
vn -0.2327 -0.8833 0.4070
vn -0.0831 -0.9232 0.3753
vn -0.2529 -0.9582 0.1335
vn 0.0655 -0.5530 0.8306
vn -0.1656 -0.1814 0.9694
vn -0.1610 -0.1766 0.9710
vn -0.1613 -0.1768 0.9709
vn -0.1703 -0.1862 0.9676
vn -0.1428 0.4917 0.8590
vn -0.0402 0.8845 0.4648
vn 0.0229 0.8936 0.4483
vn -0.0413 -0.1065 0.9935
vn -0.1903 -0.5299 0.8264
vn -0.0497 -0.9594 0.2775
vn 0.0056 -0.9679 0.2515
vn 0.0391 -0.9979 0.0516
vn 0.2658 -0.3823 0.8850
vn 0.3494 -0.3701 0.8608
vn 0.2347 0.4248 0.8743
vn 0.1636 -0.7187 0.6758
vn 0.1578 0.6838 0.7124
vn 0.2741 0.7195 0.6382
vn -0.1104 -0.2569 0.9601
vn 0.1579 -0.9459 0.2833
vn 0.2431 -0.9695 0.0297
vn -0.0644 0.9970 0.0433
vn 0.2421 0.9596 0.1431
vn -0.6335 0.6762 0.3760
vn -0.7312 0.6495 0.2084
vn -0.6617 0.7477 0.0548
vn -0.3794 0.6742 0.6337
vn -0.5137 0.7655 0.3875
vn -0.4206 0.8959 0.1431
vn -0.1903 0.8465 0.4973
vn -0.3238 0.9455 0.0348
vn -0.0624 0.7903 0.6095
vn 0.0148 0.9883 0.1517
vn 0.1776 0.8784 0.4437
vn 0.2942 0.8919 0.3435
vn 0.4695 0.7045 0.5321
vn -0.8675 0.3807 0.3203
vn -0.8721 0.4758 0.1141
vn -0.7392 0.1414 0.6585
vn -0.7259 0.1105 0.6789
vn -0.7646 0.5766 0.2881
vn -0.5996 0.0690 0.7973
vn -0.5336 0.3576 0.7664
vn -0.6256 0.5442 0.5590
vn -0.5353 0.6996 0.4733
vn -0.5356 0.6994 0.4733
vn -0.5371 0.6982 0.4733
vn -0.2776 0.7752 0.5674
vn -0.3046 0.9240 0.2311
vn -0.1181 0.1373 0.9835
vn -0.1213 0.3535 0.9275
vn -0.0403 0.5442 0.8380
vn -0.0738 0.4978 0.8641
vn -0.0741 0.6603 0.7474
vn -0.0611 0.8221 0.5660
vn -0.0675 0.8168 0.5730
vn -0.0664 0.8177 0.5717
vn -0.0605 0.8226 0.5654
vn -0.0545 0.8702 0.4897
vn -0.0250 0.9785 0.2046
vn -0.0316 0.9927 0.1163
vn -0.9862 0.1031 -0.1292
vn -0.9526 0.1939 -0.2344
vn -0.9290 0.1389 -0.3431
vn -0.7585 -0.6488 -0.0614
vn -0.7145 0.6982 -0.0449
vn -0.7729 -0.5900 -0.2334
vn -0.8972 -0.3255 -0.2984
vn -0.8233 -0.4663 -0.3238
vn -0.7102 0.6330 -0.3080
vn -0.8166 0.2580 -0.5163
vn -0.4717 0.8815 -0.0197
vn -0.6879 0.6727 -0.2725
vn -0.7064 -0.0632 -0.7050
vn -0.4544 -0.8750 -0.1671
vn -0.5250 -0.7302 -0.4373
vn -0.5470 0.3418 -0.7641
vn -0.2425 -0.9463 -0.2137
vn -0.3939 -0.7551 -0.5241
vn -0.3138 -0.8270 -0.4665
vn -0.3018 0.8165 -0.4921
vn -0.3862 -0.6233 -0.6799
vn -0.3147 0.7655 -0.5612
vn -0.2154 0.9763 -0.0220
vn -0.1413 0.6795 -0.7200
vn -0.1386 -0.7447 -0.6528
vn -0.2425 -0.5330 -0.8106
vn -0.1959 0.5847 -0.7872
vn -0.0661 -0.9743 -0.2152
vn -0.9934 -0.0085 -0.1142
vn -0.1471 -0.9096 -0.3886
vn -0.1091 0.9102 -0.3995
vn -0.9653 0.0189 -0.2605
vn -0.9573 0.0896 -0.2748
vn -0.1253 0.8754 -0.4670
vn -0.1001 0.7047 -0.7024
vn -0.1315 -0.3283 -0.9354
vn -0.1454 0.0366 -0.9887
vn -0.8556 0.5169 -0.0274
vn -0.5705 -0.8140 -0.1097
vn -0.5497 -0.8143 -0.1865
vn -0.9062 -0.1516 -0.3947
vn -0.8327 -0.1454 -0.5344
vn -0.8729 0.1269 -0.4711
vn -0.8203 0.3199 -0.4742
vn -0.8112 -0.1786 -0.5568
vn -0.0627 0.0640 -0.9960
vn -0.6669 0.7406 -0.0817
vn -0.3135 -0.9471 -0.0683
vn -0.7347 0.5100 -0.4474
vn -0.4039 -0.8421 -0.3575
vn -0.4942 -0.8091 -0.3180
vn 0.0519 0.3835 -0.9221
vn 0.0515 0.3827 -0.9224
vn 0.0550 0.3878 -0.9201
vn 0.0935 0.3906 -0.9158
vn -0.6080 -0.5244 -0.5961
vn -0.7917 -0.3255 -0.5170
vn -0.7475 -0.3441 -0.5682
vn -0.4304 -0.8051 -0.4081
vn -0.6003 -0.5328 -0.5964
vn -0.6500 0.0676 -0.7569
vn -0.2296 -0.9615 -0.1512
vn -0.2297 -0.9615 -0.1510
vn -0.2298 -0.9613 -0.1519
vn -0.4686 0.7304 -0.4969
vn -0.4259 0.7823 -0.4546
vn -0.6561 0.3620 -0.6622
vn -0.4574 0.5791 -0.6748
vn -0.4775 -0.4906 -0.7289
vn -0.3223 0.7794 -0.5373
vn -0.4277 0.6570 -0.6208
vn -0.2574 -0.8773 -0.4051
vn -0.2996 -0.6076 -0.7356
vn -0.2035 -0.8265 -0.5248
vn -0.3505 -0.2744 -0.8955
vn -0.3936 -0.1243 -0.9109
vn -0.3330 0.4887 -0.8064
vn -0.3596 -0.5355 -0.7642
vn -0.2201 -0.7320 -0.6448
vn -0.2617 0.7090 -0.6548
vn -0.4070 0.1958 -0.8922
vn -0.2363 0.8896 -0.3909
vn -0.1113 -0.9426 -0.3149
vn -0.0916 -0.9619 -0.2575
vn -0.1314 0.7254 -0.6756
vn -0.1027 0.7487 -0.6548
vn -0.1579 -0.4369 -0.8855
vn -0.1488 0.6418 -0.7523
vn -0.0892 0.7853 -0.6126
vn -0.1827 -0.2156 -0.9592
vn -0.0774 0.2100 -0.9746
vn 0.1797 0.6786 -0.7122
vn -0.0428 -0.8903 -0.4534
vn 0.1585 -0.3191 -0.9344
vn -0.0374 -0.6128 -0.7894
vn -0.0455 0.6011 -0.7978
vn 0.0829 0.1705 -0.9819
vn 0.1032 -0.4944 -0.8631
vn 0.1017 -0.9618 -0.2542
vn 0.1224 0.8648 -0.4870
vn 0.1194 0.8393 -0.5304
vn -0.6921 -0.1285 -0.7103
vn -0.6988 0.1309 -0.7032
vn 0.1151 0.2073 -0.9715
vn 0.3367 0.8546 -0.3954
vn 0.4209 0.7200 -0.5517
vn 0.4425 0.7092 -0.5489
vn 0.3060 -0.7798 -0.5462
vn 0.3966 -0.1039 -0.9121
vn 0.3858 -0.1163 -0.9152
vn 0.2733 0.1292 -0.9532
vn 0.4918 0.2959 -0.8189
vn 0.2099 -0.7501 -0.6271
vn 0.3284 -0.5632 -0.7583
vn 0.3082 -0.4413 -0.8427
vn -0.5426 0.1753 -0.8215
vn -0.5709 0.2455 -0.7834
vn 0.3369 -0.9146 -0.2237
vn -0.5748 0.3496 -0.7398
vn 0.6538 0.3308 -0.6806
vn 0.6610 0.3830 -0.6453
vn 0.4555 -0.5872 -0.6691
vn -0.2475 0.8358 -0.4901
vn 0.5067 0.1557 -0.8480
vn 0.5271 -0.0784 -0.8462
vn 0.4378 -0.8920 -0.1129
vn 0.4142 -0.8684 -0.2725
vn -0.1422 -0.3078 -0.9408
vn 0.6190 -0.6491 -0.4422
vn -0.1346 0.9173 -0.3747
vn -0.1203 0.9075 -0.4026
vn -0.3127 -0.1121 -0.9432
vn -0.3169 -0.0227 -0.9482
vn 0.6538 -0.2393 -0.7179
vn -0.3013 -0.5109 -0.8051
vn -0.0924 -0.4994 -0.8614
vn -0.3434 0.1819 -0.9214
vn -0.2986 0.2470 -0.9219
vn -0.2656 0.4389 -0.8584
vn 0.5304 -0.8135 -0.2383
vn 0.5289 -0.8368 -0.1416
vn 0.6583 -0.6827 -0.3170
vn 0.6038 -0.7173 -0.3476
vn -0.1325 0.3685 -0.9201
vn -0.1158 0.2209 -0.9684
vn -0.0157 -0.8144 -0.5801
vn -0.1085 -0.7443 -0.6589
vn -0.0886 0.7545 -0.6503
vn -0.0851 0.7474 -0.6589
vn -0.0858 0.7489 -0.6571
vn -0.0555 -0.4606 -0.8859
vn -0.1181 -0.1841 -0.9758
vn -0.0548 -0.2740 -0.9602
vn -0.1360 0.5420 -0.8293
vn 0.0485 0.9179 -0.3938
vn 0.3181 0.1793 -0.9310
vn -0.0317 -0.8112 -0.5839
vn 0.1175 -0.1192 -0.9859
vn 0.5056 -0.3468 -0.7900
vn 0.4952 -0.3372 -0.8007
vn 0.4422 0.5574 -0.7027
vn 0.2082 -0.8283 -0.5201
vn 0.1829 0.8164 -0.5477
vn 0.2427 -0.7246 -0.6450
vn 0.2342 0.7362 -0.6350
vn 0.3586 -0.2408 -0.9019
vn 0.3487 0.2406 -0.9058
vn 0.2833 -0.9408 -0.1862
vn 0.3161 -0.8975 -0.3076
vn 0.6566 -0.2888 -0.6967
vn 0.7543 -0.1202 -0.6454
vn 0.5884 0.1786 -0.7886
vn 0.6257 0.1128 -0.7719
vn -0.6870 -0.1384 -0.7133
vn 0.3448 0.5036 -0.7922
vn -0.7661 0.3466 -0.5413
vn 0.3638 -0.2578 -0.8951
vn 0.3043 -0.9510 -0.0550
vn -0.5225 0.8119 -0.2605
vn -0.5214 0.8148 -0.2536
vn -0.5216 0.8142 -0.2550
vn -0.4165 0.8618 -0.2895
vn -0.6012 -0.0585 -0.7970
vn 0.4322 -0.6739 -0.5992
vn -0.4561 -0.7583 -0.4658
vn 0.4686 -0.5075 -0.7231
vn -0.7148 0.4304 -0.5512
vn -0.3673 -0.9298 -0.0238
vn -0.3752 -0.9119 -0.1664
vn -0.3861 -0.8664 -0.3166
vn -0.4514 -0.3212 -0.8325
vn -0.4644 -0.1436 -0.8739
vn -0.4403 0.7585 -0.4804
vn -0.4532 0.7778 -0.4355
vn -0.4164 0.6188 -0.6661
vn -0.6241 -0.4199 -0.6590
vn -0.6216 0.2288 -0.7491
vn -0.5833 0.3839 -0.7158
vn -0.4701 0.4943 -0.7312
vn -0.4654 -0.1660 -0.8694
vn -0.4682 -0.1700 -0.8671
vn -0.4653 -0.1663 -0.8694
vn -0.1243 -0.9807 -0.1507
vn -0.2281 0.8995 -0.3727
vn -0.1942 0.8941 -0.4037
vn -0.2663 -0.1537 -0.9515
vn -0.1520 0.8088 -0.5681
vn -0.3661 -0.4649 -0.8061
vn -0.1123 -0.7476 -0.6546
vn -0.1730 0.7251 -0.6665
vn -0.1726 -0.1766 -0.9690
vn -0.1711 -0.1782 -0.9690
vn -0.1712 -0.1781 -0.9690
vn -0.1556 -0.4532 -0.8777
vn -0.1696 -0.1797 -0.9690
vn -0.4695 0.0952 -0.8778
vn -0.2143 0.4307 -0.8767
vn -0.1695 0.2503 -0.9532
vn 0.0281 0.8918 -0.4516
vn -0.0971 -0.8023 -0.5889
vn 0.1123 -0.8550 -0.5064
vn 0.1053 -0.6275 -0.7715
vn 0.1266 0.7148 -0.6878
vn 0.1515 0.6973 -0.7006
vn 0.1057 -0.5584 -0.8228
vn 0.1690 0.1803 -0.9690
vn 0.1681 0.1793 -0.9693
vn 0.1690 0.1802 -0.9690
vn -0.1475 0.4871 -0.8608
vn 0.1389 -0.9656 -0.2197
vn 0.2926 0.8899 -0.3500
vn -0.0700 -0.4203 -0.9047
vn -0.0674 -0.3761 -0.9241
vn 0.1232 0.8306 -0.5430
vn 0.3022 -0.7230 -0.6212
vn 0.1689 -0.1771 -0.9696
vn 0.1699 0.1813 -0.9686
vn 0.0281 0.9500 -0.3109
vn 0.1425 0.9879 -0.0616
vn 0.1823 0.9825 -0.0386
vn 0.3033 0.9172 -0.2585
vn -0.4413 0.8809 -0.1710
vn -0.5935 0.5840 -0.5539
vn -0.4075 0.7236 -0.5570
vn -0.3201 0.9448 -0.0692
vn -0.4460 0.8454 -0.2939
vn -0.3769 0.7670 -0.5194
vn -0.2629 0.6332 -0.7280
vn -0.1063 0.9552 -0.2761
vn 0.0423 0.9985 -0.0344
vn 0.0413 0.9530 -0.3001
vn 0.2787 0.9453 -0.1697
vn 0.3124 0.9069 -0.2828
vn 0.3247 0.7965 -0.5101
vn -0.8553 0.1806 -0.4856
vn -0.7054 0.7066 -0.0560
vn -0.6918 0.7210 -0.0398
vn -0.7879 0.5316 -0.3109
vn -0.7654 -0.0471 -0.6418
vn -0.8200 0.3059 -0.4837
vn -0.6755 0.4893 -0.5516
vn -0.5475 0.8345 -0.0625
vn -0.5400 0.6544 -0.5294
vn -0.5411 0.6534 -0.5294
vn -0.5400 0.6543 -0.5295
vn -0.7200 0.3699 -0.5871
vn -0.4896 0.4709 -0.7339
vn -0.4706 0.1522 -0.8691
vn -0.3127 0.6680 -0.6752
vn -0.3132 0.6687 -0.6744
vn -0.3159 0.6750 -0.6668
vn -0.2555 0.4621 -0.8492
vn -0.1433 0.0526 -0.9883
vn -0.1957 0.2449 -0.9496
vn -0.0297 0.9054 -0.4235
vn -0.0449 0.9180 -0.3939
vn -0.0769 0.7963 -0.6000
vn -0.0847 0.6657 -0.7414
vn -0.0855 0.6669 -0.7402
vn -0.0854 0.6667 -0.7404
vn -0.0268 0.3698 -0.9287
vn 0.4225 -0.4589 0.7816
vn 0.5041 -0.1337 0.8532
vn 0.6056 -0.1742 0.7765
vn 0.4815 -0.6789 0.5543
vn 0.5231 -0.6391 0.5638
vn 0.0334 -0.3755 0.9262
vn 0.3428 -0.8676 0.3603
vn 0.1159 -0.5163 0.8485
vn 0.1025 -0.4406 0.8918
vn 0.0397 -0.4600 0.8871
vn 0.3769 -0.9081 0.1824
vn 0.3042 -0.9526 -0.0094
vn 0.4447 -0.8951 0.0319
vn -0.5681 -0.3139 0.7607
vn -0.6929 -0.1639 0.7021
vn -0.6086 0.4612 0.6456
vn -0.6185 0.6708 0.4093
vn 0.1987 -0.2456 0.9488
vn 0.5323 -0.7487 0.3952
vn -0.3623 -0.8826 0.2995
vn 0.2436 -0.4598 0.8540
vn 0.4808 -0.8764 0.0284
vn 0.4798 -0.8769 0.0287
vn 0.4801 -0.8768 0.0286
vn -0.4532 0.1795 0.8732
vn -0.4526 -0.1793 0.8735
vn -0.4546 -0.1821 0.8719
vn -0.4544 -0.1820 0.8720
vn -0.4040 0.4900 0.7724
vn -0.4070 0.4944 0.7680
vn -0.4074 0.4943 0.7679
vn -0.4664 -0.7032 0.5366
vn -0.2291 -0.8638 0.4487
vn -0.3061 0.8902 0.3373
vn 0.4068 -0.0645 0.9112
vn -0.3010 -0.9320 0.2019
vn -0.1850 -0.9803 0.0698
vn -0.1629 0.1980 0.9666
vn -0.1706 0.1894 0.9670
vn -0.1624 0.1984 0.9666
vn -0.1393 0.5582 0.8179
vn -0.1442 -0.5186 0.8427
vn -0.1457 -0.5200 0.8417
vn -0.1441 -0.5186 0.8428
vn -0.1010 -0.8230 0.5590
vn -0.1189 -0.7589 0.6402
vn -0.1124 -0.7533 0.6481
vn -0.1129 -0.7536 0.6476
vn -0.1280 0.7552 0.6429
vn -0.0888 0.8643 0.4950
vn -0.0916 0.8625 0.4977
vn -0.0914 0.8627 0.4974
vn -0.0705 0.9195 0.3866
vn -0.1809 -0.9162 0.3576
vn -0.1813 -0.9159 0.3581
vn -0.1810 -0.9159 0.3582
vn -0.1457 0.9228 0.3567
vn 0.4570 -0.2850 0.8426
vn 0.4724 -0.1548 0.8677
vn -0.1801 -0.9630 0.2004
vn -0.1314 -0.9586 0.2528
vn 0.1120 -0.1968 0.9740
vn 0.1037 -0.8765 0.4702
vn -0.0884 0.8643 0.4952
vn 0.0224 0.9371 0.3484
vn 0.0845 -0.9273 0.3646
vn 0.0215 -0.9915 0.1284
vn 0.0668 -0.9868 0.1475
vn 0.3757 0.0719 0.9240
vn 0.1483 -0.4715 0.8693
vn 0.3796 0.5608 0.7358
vn 0.1219 -0.6882 0.7152
vn 0.3122 -0.7350 0.6019
vn 0.3116 -0.7341 0.6033
vn 0.3114 -0.7338 0.6038
vn 0.2578 0.8485 0.4622
vn -0.4603 0.2301 0.8574
vn 0.6720 -0.1411 0.7269
vn 0.1578 -0.9874 -0.0073
vn 0.4850 -0.2088 0.8492
vn 0.6665 0.1681 0.7263
vn 0.6668 0.1688 0.7259
vn 0.6664 0.1678 0.7265
vn 0.3558 0.5005 0.7892
vn 0.3501 -0.8360 0.4225
vn 0.2906 -0.8961 0.3356
vn 0.3591 -0.8878 0.2877
vn 0.2815 -0.9348 0.2168
vn 0.2962 -0.9398 0.1704
vn 0.5900 -0.4857 0.6450
vn 0.6696 -0.1398 0.7295
vn 0.7395 -0.2669 0.6179
vn 0.8058 0.1508 0.5726
vn 0.8069 0.1486 0.5717
vn 0.8060 0.1505 0.5725
vn 0.6020 0.4578 0.6542
vn 0.5838 0.6594 0.4736
vn 0.6015 -0.6686 0.4373
vn 0.5889 0.7488 0.3042
vn -0.1151 0.5068 0.8543
vn -0.2230 -0.8624 0.4545
vn -0.2492 -0.9223 0.2956
vn 0.8913 -0.1368 0.4324
vn 0.8906 -0.1380 0.4333
vn 0.8873 -0.1442 0.4380
vn 0.8070 0.1483 0.5716
vn 0.6420 -0.6318 0.4344
vn 0.8872 -0.1448 0.4380
vn -0.1075 -0.3684 0.9234
vn 0.1796 -0.0935 0.9793
vn 0.1114 0.5901 0.7996
vn -0.1585 -0.9870 0.0253
vn 0.1303 -0.1476 0.9804
vn -0.0657 -0.5883 0.8060
vn 0.0968 -0.6745 0.7319
vn 0.1031 0.3761 0.9208
vn 0.8886 0.1765 0.4233
vn 0.9157 0.1838 0.3574
vn 0.0366 -0.8012 0.5972
vn 0.8882 0.3699 0.2726
vn 0.8734 0.4042 0.2717
vn 0.3722 -0.3492 0.8600
vn 0.4902 -0.4139 0.7671
vn 0.4481 0.1717 0.8773
vn 0.0246 -0.9077 0.4188
vn 0.5841 -0.5551 0.5922
vn -0.0163 -0.9758 0.2182
vn 0.0392 -0.9828 0.1806
vn 0.3165 -0.1319 0.9394
vn 0.1686 0.2707 0.9478
vn 0.1626 0.2717 0.9485
vn 0.1624 0.2717 0.9486
vn 0.1622 0.2719 0.9486
vn 0.1216 0.6469 0.7529
vn 0.1726 0.8102 0.5602
vn 0.6991 -0.0604 0.7125
vn 0.6989 -0.0600 0.7127
vn 0.7007 -0.0649 0.7105
vn 0.6813 -0.2131 0.7002
vn 0.5859 0.4734 0.6577
vn 0.8124 0.2865 0.5079
vn 0.3002 -0.4432 0.8446
vn 0.3686 0.5637 0.7392
vn 0.2581 -0.8706 0.4188
vn 0.3810 0.8136 0.4391
vn 0.3096 0.9039 0.2952
vn 0.7445 -0.4173 0.5211
vn 0.8916 -0.0972 0.4423
vn 0.8920 -0.0963 0.4417
vn 0.8947 -0.0892 0.4377
vn 0.2181 -0.9600 0.1756
vn 0.3109 0.9343 0.1744
vn 0.8663 -0.4252 0.2623
vn 0.8773 -0.4042 0.2587
vn 0.9625 0.1737 0.2086
vn 0.7133 0.6744 0.1907
vn 0.9001 0.4324 0.0545
vn 0.5369 -0.2103 0.8170
vn 0.5184 -0.5424 0.6611
vn 0.5119 -0.3545 0.7824
vn 0.6306 0.4342 0.6432
vn 0.5393 0.5614 0.6277
vn 0.5407 -0.7260 0.4249
vn 0.4638 0.8825 0.0783
vn 0.5748 -0.6863 0.4456
vn 0.6962 -0.5868 0.4134
vn 0.6623 0.7275 0.1791
vn 0.4958 -0.8682 0.0202
vn 0.8945 -0.0699 0.4415
vn 0.8506 0.3439 0.3977
vn 0.8815 0.2130 0.4215
vn 0.8815 0.2156 0.4201
vn 0.8814 0.2125 0.4218
vn 0.7596 -0.6029 0.2441
vn 0.9032 -0.3195 0.2865
vn 0.9034 -0.3191 0.2866
vn 0.9040 -0.3170 0.2868
vn 0.8450 0.5305 0.0678
vn 0.9878 0.0142 0.1552
vn 0.9837 0.0667 0.1669
vn 0.0883 0.1089 0.9901
vn 0.0866 0.2331 0.9686
vn 0.1184 0.9208 0.3716
vn 0.0867 0.9581 0.2730
vn 0.2223 0.5450 0.8084
vn 0.2139 0.6483 0.7307
vn 0.1650 0.7727 0.6130
vn 0.2296 0.3398 0.9120
vn 0.4717 0.1535 0.8683
vn 0.4714 0.7673 0.4347
vn 0.3839 0.8221 0.4204
vn 0.3585 0.9257 0.1207
vn 0.5985 0.1130 0.7931
vn 0.5293 0.8014 0.2785
vn 0.5199 0.8358 0.1766
vn 0.7476 0.1047 0.6559
vn 0.7477 0.1046 0.6557
vn 0.7416 0.1135 0.6611
vn 0.7155 0.2879 0.6365
vn 0.8222 0.3775 0.4259
vn 0.6586 0.6624 0.3572
vn 0.6582 0.6627 0.3572
vn 0.6576 0.6632 0.3573
vn 0.7253 0.5564 0.4055
vn 0.7263 0.5553 0.4052
vn 0.7255 0.5561 0.4053
vn 0.7185 0.6903 0.0847
vn 0.8418 0.1407 0.5212
vn 0.8921 0.3126 0.3262
vn 0.8391 0.5298 0.1230
vn 0.9305 0.3396 0.1375
vn -0.0016 0.9451 0.3269
vn -0.0293 0.9408 0.3376
vn -0.0135 0.9972 0.0729
vn 0.1936 0.8498 0.4902
vn 0.1507 0.9080 0.3910
vn 0.3310 0.7933 0.5110
vn 0.4418 0.8697 0.2200
vn 0.2912 -0.9554 -0.0493
vn 0.3917 -0.9110 -0.1286
vn 0.3238 -0.8772 -0.3545
vn 0.3962 0.8154 -0.4221
vn 0.1101 -0.2874 -0.9515
vn 0.4572 0.7054 -0.5417
vn 0.4582 0.4273 -0.7794
vn 0.5212 0.5103 -0.6841
vn 0.5109 -0.0607 -0.8575
vn 0.5163 0.1600 -0.8413
vn 0.4926 -0.8284 -0.2666
vn -0.4446 -0.8192 -0.3622
vn -0.4982 0.7771 -0.3845
vn 0.2104 -0.3466 -0.9141
vn -0.4724 -0.6872 -0.5518
vn -0.6754 -0.2381 -0.6980
vn -0.6105 0.4774 -0.6320
vn -0.6079 -0.0623 -0.7916
vn -0.6159 0.0617 -0.7854
vn -0.2316 -0.8573 -0.4598
vn -0.3178 0.7266 -0.6091
vn -0.4027 -0.4956 -0.7696
vn -0.4028 -0.4955 -0.7696
vn -0.4032 -0.4952 -0.7696
vn -0.4023 -0.4960 -0.7695
vn -0.4635 0.2315 -0.8553
vn -0.1267 -0.9885 -0.0821
vn -0.1788 0.9214 -0.3449
vn -0.1923 -0.9125 -0.3611
vn -0.1772 -0.9179 -0.3550
vn -0.0606 0.9198 -0.3877
vn -0.3502 -0.6511 -0.6734
vn -0.2517 0.7932 -0.5545
vn -0.1182 0.6999 -0.7044
vn -0.2214 0.1278 -0.9668
vn -0.1589 0.2009 -0.9667
vn -0.0184 -0.9842 -0.1760
vn 0.6544 -0.2649 -0.7083
vn 0.0544 0.9574 -0.2835
vn 0.0715 -0.9197 -0.3860
vn 0.0322 0.9378 -0.3457
vn 0.0766 0.8412 -0.5353
vn -0.1428 0.5217 -0.8411
vn -0.1434 0.5212 -0.8413
vn -0.1642 -0.1965 -0.9667
vn 0.0780 0.2028 -0.9761
vn 0.2027 -0.9737 -0.1038
vn -0.4796 0.1831 -0.8582
vn -0.4286 0.3823 -0.8187
vn -0.4566 0.5774 -0.6769
vn 0.1988 0.9522 -0.2318
vn 0.2946 -0.8929 -0.3405
vn 0.3209 -0.7397 -0.5915
vn 0.1057 0.7306 -0.6746
vn 0.1777 0.5198 -0.8356
vn 0.3752 0.4614 -0.8039
vn 0.2134 -0.1945 -0.9574
vn 0.2737 -0.1078 -0.9557
vn 0.3796 -0.0728 -0.9223
vn -0.2943 -0.9403 -0.1711
vn 0.2739 -0.9436 -0.1860
vn -0.1442 0.1819 -0.9727
vn 0.2476 0.9127 -0.3249
vn 0.3725 0.6980 -0.6116
vn 0.5912 -0.2732 -0.7588
vn 0.4542 0.5592 -0.6935
vn 0.6105 0.4342 -0.6624
vn -0.2401 -0.9707 -0.0004
vn -0.2411 -0.9705 -0.0003
vn -0.2407 -0.9706 -0.0002
vn -0.1201 0.6593 -0.7422
vn -0.1202 0.6588 -0.7427
vn -0.1212 0.6643 -0.7376
vn 0.4184 0.8615 -0.2878
vn -0.1141 0.2753 -0.9546
vn 0.5151 -0.7648 -0.3869
vn 0.5468 0.7406 -0.3906
vn 0.4880 0.7873 -0.3768
vn 0.5963 -0.6675 -0.4459
vn 0.8046 -0.1523 -0.5739
vn 0.8086 -0.1442 -0.5704
vn 0.8052 -0.1512 -0.5734
vn 0.6689 0.1638 -0.7250
vn 0.6689 0.1636 -0.7251
vn 0.6689 0.1637 -0.7251
vn -0.0724 -0.9759 -0.2059
vn -0.1268 -0.9585 -0.2552
vn -0.1417 -0.9037 -0.4040
vn 0.3237 -0.1371 -0.9362
vn 0.2710 0.2053 -0.9404
vn 0.0918 0.4767 -0.8743
vn 0.2831 0.5262 -0.8019
vn 0.2847 0.5257 -0.8017
vn 0.2850 0.5256 -0.8016
vn 0.0817 0.7611 -0.6435
vn -0.0821 -0.6684 -0.7392
vn -0.0771 -0.3968 -0.9147
vn 0.6143 0.7187 -0.3258
vn 0.7500 0.5846 -0.3094
vn 0.2667 -0.1038 -0.9582
vn 0.8091 -0.1431 -0.5700
vn 0.8892 -0.1305 -0.4384
vn 0.8867 -0.1368 -0.4416
vn 0.8862 -0.1382 -0.4423
vn 0.8150 0.1724 -0.5532
vn 0.0474 -0.9979 -0.0445
vn 0.0475 -0.9979 -0.0445
vn 0.0462 -0.9979 -0.0454
vn -0.0080 -0.9818 -0.1897
vn 0.8603 0.3787 -0.3412
vn 0.8609 0.3785 -0.3399
vn 0.8609 0.3785 -0.3401
vn -0.0825 -0.6997 -0.7097
vn -0.1103 -0.7015 -0.7041
vn 0.1213 0.4011 -0.9079
vn 0.9071 0.1932 -0.3739
vn 0.8603 0.3788 -0.3413
vn 0.8944 0.1125 -0.4329
vn 0.0488 -0.9979 -0.0435
vn 0.0836 -0.9588 -0.2717
vn 0.6492 0.6461 -0.4014
vn 0.6068 -0.5588 -0.5653
vn 0.6859 -0.2307 -0.6901
vn 0.6855 -0.2321 -0.6900
vn 0.6861 -0.2302 -0.6901
vn 0.6614 0.5041 -0.5554
vn 0.0616 -0.8263 -0.5599
vn 0.5596 -0.0255 -0.8284
vn 0.1561 0.1588 -0.9749
vn 0.1256 0.6335 -0.7635
vn 0.2042 0.6961 -0.6883
vn 0.1650 -0.9859 -0.0280
vn 0.9220 -0.3858 -0.0325
vn 0.8395 0.5419 -0.0393
vn 0.9758 -0.1016 -0.1934
vn 0.9493 0.0832 -0.3032
vn 0.8154 0.5341 -0.2232
vn 0.8971 0.3396 -0.2826
vn 0.2549 0.8727 -0.4164
vn 0.3505 -0.7825 -0.5146
vn 0.3739 -0.6619 -0.6497
vn 0.3737 -0.6613 -0.6505
vn 0.3701 -0.6553 -0.6585
vn 0.3693 -0.6539 -0.6603
vn 0.3885 -0.2182 -0.8953
vn 0.4161 0.3873 -0.8227
vn 0.4184 -0.9077 -0.0322
vn 0.4525 -0.8914 -0.0264
vn 0.9982 -0.0387 -0.0450
vn 0.4303 -0.4985 -0.7525
vn 0.6396 -0.2344 -0.7320
vn 0.5161 0.6275 -0.5830
vn 0.5126 0.6299 -0.5835
vn 0.5130 0.6297 -0.5834
vn 0.5400 0.1642 -0.8255
vn 0.5738 -0.7945 -0.1988
vn 0.6160 0.7230 -0.3129
vn 0.6606 0.6672 -0.3441
vn 0.6623 0.6657 -0.3439
vn 0.6691 0.6592 -0.3431
vn 0.6070 -0.6655 -0.4344
vn 0.6857 -0.4928 -0.5356
vn 0.6388 0.4301 -0.6379
vn 0.7852 -0.6169 -0.0535
vn 0.9669 -0.2284 -0.1138
vn 0.6368 0.7698 -0.0425
vn 0.7365 -0.6414 -0.2148
vn 0.8652 0.4528 -0.2155
vn 0.7918 0.5765 -0.2018
vn 0.8267 0.3546 -0.4369
vn 0.8077 -0.3470 -0.4766
vn 0.8377 -0.2375 -0.4917
vn 0.0224 0.9715 -0.2362
vn 0.1272 0.2371 -0.9631
vn 0.0907 0.9955 -0.0288
vn 0.1607 0.8715 -0.4633
vn 0.1988 0.5409 -0.8172
vn 0.1640 0.1369 -0.9769
vn 0.2406 0.9363 -0.2559
vn 0.2924 0.7901 -0.5388
vn 0.1925 0.6147 -0.7649
vn 0.2565 0.3853 -0.8864
vn 0.4374 0.8980 -0.0487
vn 0.3742 0.8929 -0.2503
vn 0.5386 0.6858 -0.4894
vn 0.3733 0.6258 -0.6849
vn 0.3421 0.3627 -0.8669
vn 0.5310 0.8455 -0.0565
vn 0.5752 0.7911 -0.2080
vn 0.5822 0.6554 -0.4810
vn 0.7216 0.2494 -0.6458
vn 0.5568 0.1422 -0.8184
vn 0.7418 0.1129 -0.6611
vn 0.7456 0.1067 -0.6578
vn 0.7421 0.1135 -0.6606
vn 0.7656 0.5950 -0.2446
vn 0.8904 0.3019 -0.3406
vn -0.1938 0.8221 -0.5353
vn -0.0768 0.8673 -0.4919
vn -0.0356 0.9898 -0.1379
vn -0.0883 0.9457 -0.3127
vn 0.0858 0.8474 -0.5241
vn 0.1747 0.9582 -0.2265
vn 0.1067 0.8330 -0.5429
vn 0.4643 0.8854 -0.0235
vn 0.4353 0.8210 -0.3695
vn 0.5563 0.8276 -0.0755
vn -0.9366 0.1318 0.3246
vn -0.9505 -0.2928 0.1038
vn -0.7232 -0.4298 0.5406
vn -0.7242 -0.6483 0.2350
vn -0.7855 -0.3490 0.5110
vn -0.8016 0.4623 0.3791
vn -0.7333 0.6225 0.2735
vn -0.6903 -0.7204 0.0673
vn -0.8787 0.4768 0.0230
vn -0.7976 0.5974 0.0834
vn -0.6314 -0.6202 0.4654
vn -0.7310 0.0026 0.6823
vn -0.5723 0.5956 0.5636
vn -0.5007 0.8633 0.0630
vn -0.5009 0.8632 0.0631
vn -0.5013 0.8630 0.0631
vn -0.4982 0.8648 0.0626
vn -0.4995 -0.1576 0.8519
vn -0.5236 0.1501 0.8387
vn -0.5382 -0.2278 0.8115
vn -0.5387 -0.3333 0.7738
vn -0.4551 0.4352 0.7769
vn -0.4278 0.6318 0.6464
vn -0.4185 0.5879 0.6923
vn -0.4952 -0.7894 0.3629
vn -0.4048 0.8605 0.3093
vn -0.3153 -0.8076 0.4984
vn -0.3186 0.8299 0.4581
vn -0.3288 0.8483 0.4151
vn -0.3913 -0.8721 0.2939
vn -0.2414 -0.9677 0.0733
vn -0.2238 -0.4603 0.8591
vn -0.2663 -0.0332 0.9633
vn -0.2610 0.1480 0.9539
vn -0.2234 0.4234 0.8779
vn -0.2156 0.4002 0.8907
vn -0.2223 0.5552 0.8015
vn -0.1793 -0.9828 0.0436
vn -0.1983 0.9754 0.0958
vn -0.8155 -0.2132 0.5381
vn -0.1375 -0.1665 0.9764
vn -0.1563 -0.7122 0.6844
vn -0.1632 0.6718 0.7225
vn -0.0731 0.7890 0.6100
vn -0.9595 -0.0931 0.2659
vn -0.9758 0.0671 0.2082
vn -0.0718 -0.9636 0.2575
vn -0.1541 0.9348 0.3199
vn -0.1826 0.9766 0.1137
vn -0.9331 0.3424 0.1101
vn -0.1142 -0.9934 -0.0141
vn -0.6899 -0.5608 0.4578
vn -0.6113 -0.4722 0.6351
vn 0.0392 0.1648 0.9855
vn -0.7279 -0.5064 0.4624
vn -0.6555 -0.6258 0.4226
vn -0.5528 -0.7979 0.2405
vn -0.8973 -0.0388 0.4396
vn -0.9041 -0.0804 0.4196
vn -0.8973 0.0135 0.4412
vn -0.8654 0.3230 0.3830
vn -0.8904 0.2732 0.3641
vn -0.8203 0.5310 0.2126
vn -0.4852 -0.8695 0.0923
vn -0.7777 0.5942 0.2053
vn -0.9177 0.3857 0.0947
vn -0.5313 0.5959 0.6022
vn -0.4820 0.6830 0.5488
vn -0.5063 -0.7438 0.4364
vn -0.7161 -0.3307 0.6146
vn -0.7448 -0.1398 0.6525
vn -0.7460 0.1239 0.6543
vn -0.7396 0.1096 0.6641
vn -0.7200 0.3050 0.6234
vn 0.1382 0.3712 0.9182
vn -0.5973 -0.5311 0.6010
vn -0.6492 0.6083 0.4567
vn -0.3902 -0.8796 0.2722
vn -0.6154 0.7839 0.0830
vn -0.5442 0.1275 0.8292
vn -0.4845 -0.5862 0.6493
vn -0.4027 -0.7244 0.5596
vn -0.5878 -0.1184 0.8003
vn -0.2390 0.8573 0.4560
vn -0.6642 0.3766 0.6457
vn -0.3055 -0.9021 0.3047
vn -0.5601 0.7670 0.3131
vn -0.2785 -0.9603 0.0157
vn -0.5859 0.8087 0.0527
vn -0.4729 0.8803 0.0379
vn -0.2710 -0.0601 0.9607
vn -0.2701 0.0740 0.9600
vn -0.0553 0.8253 -0.5620
vn -0.2279 -0.7208 0.6546
vn -0.3425 0.4531 0.8230
vn -0.2610 -0.0696 0.9628
vn -0.2408 0.7567 0.6078
vn -0.3946 -0.2819 0.8745
vn -0.3826 0.3902 0.8374
vn -0.1418 -0.9411 0.3070
vn -0.3969 -0.5722 0.7177
vn -0.4414 0.5960 0.6708
vn -0.4159 0.7180 0.5582
vn -0.3612 0.7938 0.4894
vn -0.1584 -0.9861 0.0496
vn -0.1474 -0.8890 0.4336
vn -0.0662 -0.8603 0.5055
vn -0.2069 0.8194 0.5345
vn -0.0745 0.7015 0.7088
vn -0.0465 0.8784 0.4757
vn -0.1913 -0.4255 0.8845
vn -0.1833 -0.5240 0.8317
vn -0.1419 0.5466 0.8253
vn -0.0890 0.7417 0.6648
vn -0.1024 -0.9595 0.2624
vn -0.0844 0.8589 0.5051
vn -0.0563 0.9147 0.4001
vn 0.0482 -0.2971 0.9536
vn 0.0584 0.4542 0.8890
vn 0.0794 -0.5851 0.8071
vn 0.0438 0.1057 0.9934
vn 0.0650 0.7907 0.6088
vn -0.0701 0.8682 0.4912
vn 0.0088 -0.9714 0.2375
vn -0.0071 -0.9806 0.1958
vn 0.0995 -0.1967 0.9754
vn 0.1932 0.5935 0.7813
vn 0.0973 -0.0386 0.9945
vn -0.7023 0.1359 0.6988
vn 0.1668 0.2874 0.9432
vn 0.3182 0.3094 0.8961
vn 0.2965 0.5544 0.7777
vn 0.0695 -0.9408 0.3318
vn 0.2248 0.7269 0.6489
vn 0.2850 0.8508 0.4414
vn 0.2590 0.8925 0.3693
vn 0.0788 -0.9947 0.0660
vn 0.3980 -0.5189 0.7565
vn 0.2849 -0.2012 0.9372
vn 0.3856 0.2035 0.9000
vn 0.2804 0.5595 0.7800
vn -0.5407 -0.1694 0.8240
vn -0.4777 -0.4664 0.7445
vn 0.2119 -0.8257 0.5228
vn 0.5321 -0.1265 0.8372
vn 0.5749 0.0195 0.8180
vn 0.2699 -0.8896 0.3686
vn 0.4424 0.7629 0.4714
vn -0.6727 0.5747 0.4661
vn 0.2701 0.8954 0.3540
vn -0.3492 -0.1854 0.9185
vn -0.3213 -0.5148 0.7948
vn -0.3092 -0.4945 0.8123
vn -0.3196 0.4329 0.8429
vn -0.4386 0.5244 0.7298
vn 0.3682 -0.8448 0.3882
vn 0.7255 0.1752 0.6655
vn 0.6171 0.3784 0.6899
vn 0.6725 0.3161 0.6691
vn -0.4451 0.1418 0.8842
vn -0.6198 0.3808 0.6862
vn -0.4966 0.5275 0.6892
vn 0.2540 -0.9460 0.2014
vn 0.2479 -0.9627 0.1086
vn -0.1060 -0.4974 0.8610
vn -0.3437 0.1788 0.9219
vn -0.1431 0.5445 0.8265
vn 0.6728 -0.4895 0.5547
vn 0.6507 -0.2386 0.7209
vn -0.1887 0.8419 0.5056
vn 0.4835 -0.7165 0.5029
vn -0.1574 0.7540 0.6378
vn -0.1195 0.9129 0.3904
vn 0.7163 0.0823 0.6929
vn -0.3004 -0.3574 0.8843
vn -0.3849 -0.2435 0.8902
vn -0.3821 0.1414 0.9133
vn -0.3243 0.0747 0.9430
vn -0.2681 0.4541 0.8496
vn 0.4923 -0.8108 0.3166
vn 0.4261 -0.8920 0.1509
vn 0.4793 -0.8764 0.0463
vn -0.1434 -0.1908 0.9711
vn -0.0509 0.0781 0.9956
vn -0.0772 -0.8358 0.5435
vn -0.1170 -0.7378 0.6648
vn -0.0864 -0.7132 0.6956
vn -0.1314 0.6801 0.7212
vn -0.0408 -0.3278 0.9439
vn 0.6702 -0.6611 0.3372
vn 0.4727 -0.8606 0.1895
vn 0.6722 -0.7134 0.1977
vn 0.5929 -0.8050 0.0209
vn 0.0491 0.0781 0.9957
vn 0.1195 0.1873 0.9750
vn 0.1023 0.4982 0.8610
vn 0.0639 -0.9128 0.4034
vn 0.0511 0.9052 0.4219
vn 0.1357 -0.3909 0.9104
vn 0.2706 -0.3114 0.9109
vn 0.0854 0.3038 0.9489
vn 0.1444 0.3967 0.9065
vn 0.0485 -0.9241 0.3791
vn 0.0717 -0.9646 0.2538
vn 0.1134 0.5405 0.8337
vn 0.6860 -0.7037 0.1852
vn 0.0735 -0.9844 0.1596
vn 0.7317 -0.6813 0.0198
vn 0.3580 0.1786 0.9165
vn 0.1144 -0.7106 0.6943
vn 0.2809 0.7097 0.6461
vn 0.1882 0.8115 0.5531
vn 0.2879 -0.1928 0.9381
vn 0.4781 0.1189 0.8702
vn 0.1741 -0.9522 0.2511
vn 0.4390 0.5564 0.7055
vn 0.1579 -0.9833 0.0906
vn 0.1240 -0.9923 0.0004
vn 0.3296 -0.8067 0.4906
vn 0.2428 0.8442 0.4780
vn 0.2062 -0.9319 0.2983
vn -0.6273 0.7241 0.2865
vn -0.6458 0.6853 0.3364
vn 0.6828 -0.0444 0.7293
vn 0.5255 0.4648 0.7126
vn 0.5422 0.3246 0.7750
vn -0.6826 -0.1424 0.7168
vn 0.6094 -0.3091 0.7301
vn 0.7600 -0.0822 0.6447
vn -0.6266 -0.4086 0.6636
vn -0.5140 -0.6450 0.5655
vn -0.6976 0.3340 0.6339
vn 0.3707 -0.7439 0.5561
vn -0.7520 0.3541 0.5559
vn -0.5407 0.7310 0.4164
vn -0.8079 0.4481 0.3828
vn -0.5386 0.8050 0.2487
vn -0.6140 -0.4632 0.6391
vn -0.5769 -0.4553 0.6782
vn 0.7443 -0.1861 0.6414
vn -0.5765 -0.4389 0.6893
vn -0.5723 -0.4226 0.7027
vn 0.3914 -0.9006 0.1892
vn 0.2828 -0.9503 0.1299
vn -0.5712 0.1531 0.8064
vn -0.3639 0.4658 0.8066
vn -0.4109 0.6246 0.6641
vn -0.4853 -0.6688 0.5632
vn -0.5091 0.5872 0.6293
vn -0.4143 0.8106 0.4139
vn -0.3676 0.8542 0.3677
vn -0.4306 -0.1448 0.8909
vn -0.4042 -0.8566 0.3207
vn -0.3332 -0.8909 0.3087
vn -0.2848 -0.9280 0.2400
vn -0.4026 -0.5556 0.7275
vn -0.2469 -0.9683 0.0370
vn -0.4493 -0.4289 0.7837
vn -0.1562 0.4807 0.8629
vn -0.3263 -0.6413 0.6944
vn -0.1450 -0.7999 0.5824
vn -0.3007 0.7932 0.5295
vn -0.0957 0.8518 0.5150
vn -0.2708 -0.8406 0.4691
vn -0.3397 -0.0826 0.9369
vn -0.2236 0.9037 0.3652
vn -0.3619 -0.4533 0.8146
vn -0.1849 -0.2674 0.9457
vn -0.0846 -0.9962 -0.0203
vn 0.1117 -0.1881 0.9758
vn 0.1777 0.4861 0.8556
vn 0.0573 -0.6597 0.7494
vn -0.1213 0.6984 0.7053
vn -0.0663 0.7281 0.6822
vn 0.1050 -0.8390 0.5338
vn 0.1183 -0.8494 0.5144
vn 0.0954 -0.8937 0.4383
vn -0.2598 -0.4339 0.8627
vn 0.0044 -0.9860 0.1670
vn 0.0520 -0.9892 0.1370
vn 0.4660 0.0891 0.8803
vn 0.2217 0.1788 0.9586
vn 0.2563 0.2037 0.9449
vn 0.3542 -0.6585 0.6640
vn 0.2585 0.7977 0.5449
vn -0.0085 0.8958 0.4444
vn 0.2032 -0.9155 0.3473
vn -0.0556 -0.5358 0.8425
vn 0.2772 -0.9437 0.1805
vn 0.2049 -0.9693 0.1361
vn -0.3401 0.8977 0.2802
vn -0.3211 0.9469 0.0173
vn -0.2185 0.9649 0.1457
vn -0.1254 0.9820 0.1410
vn 0.0095 0.9400 0.3409
vn 0.0093 0.9664 0.2570
vn 0.2235 0.9598 0.1698
vn -0.3667 0.7629 0.5324
vn -0.3975 0.8838 0.2467
vn -0.1234 0.6779 0.7247
vn -0.0940 0.6116 0.7856
vn -0.1514 0.9256 0.3470
vn -0.1422 0.9175 0.3715
vn -0.0009 0.9926 0.1215
vn 0.2567 0.7189 0.6459
vn 0.1400 0.8116 0.5672
vn 0.1876 0.9609 0.2037
vn 0.3004 0.9499 0.0862
vn 0.3918 0.6671 0.6336
vn 0.1484 0.9280 0.3418
vn -0.8254 0.5021 0.2581
vn -0.7051 0.3247 0.6303
vn -0.8366 0.1513 0.5264
vn -0.7926 0.3370 0.5081
vn -0.7282 0.3893 0.5641
vn -0.6888 0.4863 0.5376
vn -0.7038 0.6614 0.2593
vn -0.6906 0.6849 0.2322
vn -0.5740 0.1082 0.8116
vn -0.5712 0.3213 0.7553
vn -0.5185 0.4846 0.7045
vn -0.5374 0.6979 0.4734
vn -0.5710 0.7975 0.1948
vn -0.4795 0.8395 0.2557
vn -0.3895 0.2906 0.8740
vn -0.3635 0.6127 0.7018
vn -0.4681 0.7836 0.4085
vn -0.3261 0.0339 0.9447
vn -0.3991 0.1358 0.9068
vn -0.2926 0.3738 0.8801
vn -0.3446 0.6583 0.6692
vn -0.3170 0.6817 0.6594
vn -0.3271 0.8341 0.4442
vn -0.2567 0.9014 0.3486
vn -0.3791 0.9025 0.2045
vn -0.0832 0.2390 0.9674
vn -0.2721 0.4434 0.8540
vn -0.1393 0.9179 0.3715
vn -0.1962 0.9740 0.1131
vn -0.1361 0.1077 0.9848
vn -0.0887 0.6794 0.7284
vn -0.0679 0.9928 0.0988
vn -0.9788 -0.1996 -0.0452
vn -0.9094 0.3726 -0.1847
vn -0.7424 -0.6188 -0.2567
vn -0.9055 -0.1240 -0.4057
vn -0.7660 -0.2287 -0.6008
vn -0.7492 -0.3217 -0.5790
vn -0.7081 0.4755 -0.5219
vn -0.5256 -0.8107 -0.2578
vn -0.5515 0.7951 -0.2523
vn -0.5964 -0.6595 -0.4576
vn -0.6359 -0.4773 -0.6064
vn -0.6857 0.5526 -0.4738
vn -0.5413 0.6583 -0.5231
vn -0.4707 0.8094 -0.3512
vn -0.7212 0.0886 -0.6871
vn -0.6139 0.3221 -0.7207
vn -0.4627 -0.8847 -0.0570
vn -0.3439 -0.9072 -0.2422
vn -0.4897 -0.4419 -0.7516
vn -0.5780 -0.1219 -0.8069
vn -0.4863 -0.3858 -0.7840
vn -0.4738 0.4340 -0.7663
vn -0.4178 0.6305 -0.6541
vn -0.4176 0.6251 -0.6594
vn -0.4177 0.6259 -0.6587
vn -0.3295 -0.0729 -0.9414
vn -0.4726 0.0586 -0.8793
vn -0.4346 0.0616 -0.8985
vn -0.3136 0.9436 -0.1063
vn -0.3386 0.8646 -0.3712
vn -0.2842 0.9172 -0.2792
vn -0.4179 0.6316 -0.6530
vn -0.3400 -0.2955 -0.8928
vn -0.3344 0.3314 -0.8823
vn -0.1743 0.9442 -0.2796
vn -0.1501 -0.9406 -0.3047
vn -0.2030 -0.8582 -0.4714
vn -0.1787 -0.6087 -0.7730
vn -0.2428 -0.0394 -0.9693
vn -0.1954 -0.4236 -0.8845
vn -0.1785 0.1460 -0.9730
vn -0.2090 0.3765 -0.9026
vn -0.2276 0.4000 -0.8878
vn -0.9950 0.0815 -0.0576
vn -0.1199 0.9800 -0.1591
vn -0.9742 0.1993 -0.1055
vn -0.9556 -0.0655 -0.2873
vn -0.0764 0.8123 -0.5783
vn -0.7850 -0.5140 -0.3458
vn -0.0738 -0.2195 -0.9728
vn -0.4939 -0.8687 -0.0391
vn -0.7947 0.6063 -0.0292
vn -0.8721 0.4412 -0.2116
vn -0.7582 0.6159 -0.2141
vn -0.6469 -0.7268 -0.2307
vn -0.6575 -0.6864 -0.3107
vn -0.5100 -0.8367 -0.1996
vn -0.9434 0.2504 -0.2173
vn -0.9183 0.3170 -0.2372
vn -0.8234 0.5147 -0.2389
vn -0.5971 -0.7104 -0.3727
vn -0.7429 -0.4674 -0.4792
vn -0.8151 -0.2079 -0.5407
vn 0.0368 0.6535 -0.7560
vn -0.8187 0.2863 -0.4977
vn -0.6959 -0.5239 -0.4912
vn -0.8181 0.1545 -0.5539
vn -0.7153 0.2785 -0.6410
vn -0.7448 0.6606 -0.0944
vn -0.3637 -0.9285 -0.0746
vn -0.6617 0.6961 -0.2786
vn -0.5555 0.7963 -0.2393
vn 0.0332 0.1688 -0.9851
vn 0.0556 0.3884 -0.9198
vn -0.8740 -0.0876 -0.4779
vn -0.6907 0.5537 -0.4651
vn -0.6552 0.6093 -0.4466
vn -0.4871 0.7075 -0.5120
vn -0.5447 0.6578 -0.5202
vn -0.6991 -0.1013 -0.7078
vn -0.7076 0.3047 -0.6376
vn -0.5274 -0.5957 -0.6058
vn -0.4729 -0.6791 -0.5615
vn -0.6967 -0.1901 -0.6918
vn -0.6579 -0.0681 -0.7500
vn -0.6502 0.4645 -0.6012
vn -0.6578 0.0693 -0.7500
vn -0.5660 0.5677 -0.5978
vn -0.6691 -0.0471 -0.7416
vn -0.2871 -0.9251 -0.2484
vn -0.2300 -0.9628 -0.1420
vn -0.5265 0.8144 -0.2442
vn -0.4329 0.8786 -0.2016
vn -0.3594 0.8419 -0.4026
vn -0.4933 -0.5391 -0.6826
vn -0.6708 -0.2609 -0.6943
vn -0.5177 -0.4066 -0.7528
vn -0.6164 0.4709 -0.6312
vn -0.5603 0.1587 -0.8129
vn -0.5286 -0.2573 -0.8090
vn -0.4786 0.4780 -0.7365
vn -0.5261 0.2567 -0.8108
vn -0.2568 0.8644 -0.4323
vn -0.2178 -0.9103 -0.3519
vn -0.3253 0.8516 -0.4112
vn -0.2944 0.8201 -0.4907
vn -0.5228 -0.5063 -0.6859
vn -0.2311 -0.7627 -0.6041
vn -0.1797 0.8526 -0.4908
vn -0.3528 -0.1909 -0.9160
vn -0.3146 0.0810 -0.9458
vn -0.5442 0.2908 -0.7870
vn -0.3359 0.4131 -0.8465
vn -0.2762 -0.1366 -0.9513
vn -0.2622 0.4794 -0.8375
vn -0.3132 0.5716 -0.7584
vn -0.3723 0.2023 -0.9058
vn -0.3257 -0.2081 -0.9223
vn -0.0908 -0.9912 -0.0963
vn -0.0984 0.8056 -0.5842
vn -0.0406 -0.9215 -0.3861
vn -0.0872 -0.5760 -0.8128
vn -0.3023 0.3691 -0.8788
vn -0.1559 0.4730 -0.8672
vn -0.1712 -0.2003 -0.9647
vn 0.0035 -0.9872 -0.1593
vn 0.0073 -0.9821 -0.1880
vn 0.0484 -0.8534 -0.5191
vn 0.1906 0.9146 -0.3567
vn 0.1208 -0.5428 -0.8311
vn 0.0824 0.3914 -0.9165
vn 0.0841 0.3899 -0.9170
vn 0.0820 0.3917 -0.9164
vn 0.0489 0.5647 -0.8239
vn -0.0492 -0.6664 -0.7440
vn -0.0384 -0.0067 -0.9992
vn 0.1018 -0.1772 -0.9789
vn -0.0377 0.0348 -0.9987
vn 0.1066 -0.9928 -0.0546
vn 0.1578 0.9116 -0.3796
vn 0.1301 -0.9384 -0.3202
vn 0.1672 -0.9228 -0.3470
vn 0.2270 0.6799 -0.6973
vn 0.2589 0.7203 -0.6436
vn 0.0983 -0.3998 -0.9113
vn 0.3251 -0.3346 -0.8845
vn 0.0860 0.3882 -0.9176
vn 0.0812 -0.7938 -0.6027
vn 0.2688 0.5980 -0.7551
vn 0.1174 -0.2020 -0.9723
vn 0.1898 -0.0821 -0.9784
vn 0.1932 0.0757 -0.9782
vn 0.1038 0.5380 -0.8365
vn 0.2108 0.9069 -0.3649
vn -0.6056 0.5377 -0.5866
vn 0.2156 -0.9086 -0.3576
vn -0.3519 0.7177 -0.6008
vn 0.5136 -0.0904 -0.8533
vn 0.3540 0.3995 -0.8456
vn 0.3961 0.3464 -0.8504
vn 0.3581 0.5274 -0.7704
vn 0.3790 -0.3196 -0.8684
vn 0.3742 0.2762 -0.8852
vn 0.2550 0.5527 -0.7934
vn -0.4901 -0.4483 -0.7476
vn -0.5429 -0.1731 -0.8217
vn -0.5431 -0.1734 -0.8216
vn -0.5424 -0.1718 -0.8224
vn -0.5098 0.4576 -0.7284
vn 0.2381 -0.9680 -0.0798
vn 0.2950 -0.9553 -0.0210
vn 0.2692 -0.9524 -0.1427
vn 0.3195 -0.9318 -0.1723
vn -0.5597 0.4581 -0.6906
vn -0.4879 0.1480 -0.8602
vn -0.4792 0.2587 -0.8387
vn 0.2710 -0.8752 -0.4007
vn 0.4114 -0.8270 -0.3833
vn 0.5653 0.5408 -0.6228
vn 0.5700 0.5375 -0.6214
vn 0.5698 0.5377 -0.6214
vn 0.5651 0.5410 -0.6230
vn 0.4002 -0.7154 -0.5728
vn 0.5831 -0.0010 -0.8124
vn 0.6554 0.0022 -0.7553
vn -0.5423 -0.1715 -0.8225
vn -0.4095 0.5478 -0.7296
vn -0.3479 0.6901 -0.6346
vn 0.3990 -0.9166 -0.0263
vn -0.2167 -0.4030 -0.8892
vn -0.2686 0.5982 -0.7550
vn 0.4981 -0.7431 -0.4469
vn 0.7786 0.1207 -0.6158
vn 0.7316 0.1427 -0.6666
vn -0.2635 -0.1597 -0.9514
vn 0.6219 -0.4308 -0.6539
vn -0.1643 0.8552 -0.4915
vn -0.2444 -0.7005 -0.6705
vn -0.3448 -0.1809 -0.9211
vn -0.3452 -0.1803 -0.9211
vn -0.3451 -0.1805 -0.9211
vn -0.3185 -0.4917 -0.8104
vn -0.3446 -0.1812 -0.9211
vn 0.5686 -0.8128 -0.1266
vn -0.1383 0.4474 -0.8836
vn 0.0961 0.5933 -0.7992
vn 0.6705 -0.5397 -0.5091
vn 0.1221 -0.1704 -0.9778
vn -0.1492 0.3353 -0.9302
vn -0.0891 0.7555 -0.6491
vn -0.0799 0.7967 -0.5991
vn -0.1214 0.0658 -0.9904
vn 0.6837 -0.7125 -0.1576
vn 0.7127 -0.6770 -0.1839
vn 0.0870 -0.9869 -0.1357
vn 0.0860 -0.9604 -0.2650
vn 0.3185 0.3348 -0.8868
vn 0.3192 0.3337 -0.8870
vn 0.3225 0.3280 -0.8879
vn 0.0667 -0.9212 -0.3834
vn 0.0850 -0.9313 -0.3541
vn 0.1247 -0.3605 -0.9244
vn 0.0179 0.8958 -0.4441
vn 0.1423 -0.3363 -0.9309
vn 0.1714 -0.0672 -0.9829
vn 0.1682 0.0040 -0.9857
vn 0.0745 -0.8796 -0.4698
vn 0.0637 0.8633 -0.5007
vn 0.0680 0.4465 -0.8922
vn 0.1175 0.2562 -0.9595
vn 0.1232 0.2712 -0.9546
vn 0.1347 -0.9731 -0.1868
vn 0.3069 0.4495 -0.8389
vn 0.4685 -0.1145 -0.8760
vn 0.5344 0.0505 -0.8437
vn 0.3231 0.3271 -0.8881
vn 0.1026 -0.7142 -0.6923
vn 0.2660 -0.7069 -0.6554
vn 0.1494 0.6522 -0.7432
vn 0.2154 0.6725 -0.7081
vn 0.0941 -0.5658 -0.8191
vn 0.4572 -0.8612 0.2218
vn 0.9929 0.0108 0.1180
vn -0.6482 0.6908 -0.3205
vn -0.6482 0.6907 -0.3206
vn -0.6481 0.6909 -0.3204
vn -0.6483 0.6905 -0.3208
vn 0.6448 0.2684 -0.7157
vn 0.5562 0.4873 -0.6732
vn 0.2463 0.8652 -0.4369
vn -0.7289 0.5802 -0.3634
vn 0.3116 -0.4633 -0.8296
vn 0.3503 -0.4048 -0.8446
vn 0.3166 0.1879 -0.9298
vn 0.3653 -0.9308 -0.0140
vn 0.3125 -0.9260 -0.2118
vn 0.7047 -0.1332 -0.6969
vn -0.6503 -0.4692 -0.5975
vn -0.5229 0.8115 -0.2607
vn -0.5744 -0.5280 -0.6254
vn -0.6431 -0.3131 -0.6988
vn -0.6759 -0.2786 -0.6823
vn 0.3676 -0.8162 -0.4457
vn 0.3866 -0.8311 -0.3997
vn 0.3820 -0.7206 -0.5786
vn -0.6835 0.5383 -0.4930
vn -0.6046 -0.3807 -0.6997
vn -0.7797 0.1794 -0.6000
vn -0.6889 -0.1107 -0.7164
vn -0.6650 -0.1542 -0.7308
vn -0.3086 -0.9458 -0.1008
vn -0.3345 -0.9194 -0.2069
vn -0.4968 -0.5160 -0.6978
vn -0.4633 -0.8202 -0.3355
vn -0.3761 0.8539 -0.3598
vn -0.4149 -0.4192 -0.8075
vn -0.4249 -0.3581 -0.8314
vn -0.4205 -0.0827 -0.9035
vn -0.4313 -0.7548 -0.4942
vn -0.4609 -0.6898 -0.5583
vn -0.5495 -0.6114 -0.5694
vn -0.4811 0.7028 -0.5240
vn -0.6920 0.1286 -0.7103
vn -0.4684 -0.1700 -0.8670
vn -0.1528 -0.9821 -0.1099
vn -0.1794 -0.9572 -0.2271
vn -0.2164 -0.9078 -0.3593
vn -0.1534 -0.9518 -0.2655
vn -0.3816 -0.4605 -0.8015
vn -0.2601 -0.2606 -0.9298
vn -0.2472 -0.8449 -0.4744
vn -0.1945 -0.8982 -0.3943
vn -0.2381 0.8300 -0.5043
vn -0.3236 -0.6479 -0.6896
vn -0.4008 -0.5217 -0.7532
vn -0.1189 0.6979 -0.7063
vn 0.1017 -0.9816 -0.1618
vn 0.0556 -0.9547 -0.2924
vn 0.0754 -0.9179 -0.3895
vn 0.0807 -0.9161 -0.3927
vn 0.0753 -0.9181 -0.3892
vn -0.1793 -0.5185 -0.8361
vn 0.0811 -0.9161 -0.3927
vn 0.0671 0.9084 -0.4127
vn -0.1401 -0.0479 -0.9890
vn 0.0763 0.8531 -0.5161
vn -0.2153 0.1808 -0.9597
vn 0.1246 -0.9853 -0.1173
vn -0.0072 -0.5274 -0.8496
vn -0.0851 -0.3502 -0.9328
vn -0.0891 -0.1079 -0.9902
vn 0.2665 -0.7892 -0.5533
vn 0.2216 -0.4348 -0.8728
vn 0.2262 -0.2371 -0.9448
vn 0.1530 0.5193 -0.8408
vn 0.1961 0.4809 -0.8545
vn -0.3175 0.9240 -0.2131
vn -0.2232 0.9635 -0.1478
vn -0.2261 0.9696 -0.0934
vn -0.0075 0.9779 -0.2091
vn 0.1619 0.9859 -0.0428
vn -0.7413 0.6653 -0.0885
vn -0.6778 0.7352 -0.0133
vn -0.6745 0.6654 -0.3197
vn -0.6899 0.6312 -0.3544
vn -0.4543 0.8374 -0.3039
vn -0.1453 0.9761 -0.1614
vn -0.1822 0.8447 -0.5033
vn -0.1839 0.9215 -0.3422
vn -0.0333 0.8110 -0.5840
vn 0.0776 0.8474 -0.5252
vn -0.0367 0.7653 -0.6426
vn 0.0895 0.9808 -0.1734
vn 0.0992 0.6443 -0.7583
vn 0.2598 0.9629 -0.0731
vn -0.8426 0.5286 -0.1027
vn -0.8539 0.5137 -0.0839
vn -0.8246 0.4879 -0.2863
vn -0.8473 0.4289 -0.3132
vn 0.3593 0.7714 -0.5253
vn 0.3637 0.6735 -0.6435
vn -0.7001 0.6555 -0.2832
vn -0.7369 0.1172 -0.6658
vn -0.7042 0.1613 -0.6915
vn -0.5834 0.8114 -0.0349
vn -0.6276 0.7055 -0.3292
vn -0.5216 0.8086 -0.2722
vn -0.5777 0.5797 -0.5746
vn -0.5414 0.6532 -0.5294
vn -0.5996 0.0848 -0.7958
vn -0.6899 0.2937 -0.6616
vn -0.4020 0.9145 -0.0448
vn -0.4033 0.9140 -0.0439
vn -0.4012 0.9149 -0.0453
vn -0.4009 0.9150 -0.0455
vn -0.3602 0.9008 -0.2426
vn -0.4689 0.8294 -0.3037
vn -0.4344 0.7950 -0.4234
vn -0.4153 0.0756 -0.9065
vn -0.5065 0.4099 -0.7586
vn -0.2705 0.9621 -0.0356
vn -0.2808 0.9194 -0.2753
vn -0.2564 0.8908 -0.3753
vn -0.3086 0.8312 -0.4624
vn -0.2691 0.7849 -0.5582
vn -0.3570 0.5560 -0.7506
vn -0.3163 0.6761 -0.6655
vn -0.4485 0.2748 -0.8505
vn -0.1714 0.9721 -0.1602
vn -0.1704 0.9723 -0.1602
vn -0.1715 0.9721 -0.1602
vn -0.1725 0.9719 -0.1603
vn -0.2700 0.3354 -0.9025
vn -0.2028 0.1590 -0.9662
vn -0.0186 0.9646 -0.2631
vn -0.0608 0.8095 -0.5839
vn -0.0298 0.4816 -0.8759
vn -0.0845 0.6654 -0.7416
vn -0.0814 0.5420 -0.8364
vn 0.6227 -0.4262 0.6562
vn 0.6053 -0.4185 0.6770
vn 0.5600 0.2102 0.8014
vn 0.4981 0.4908 0.7149
vn 0.5405 0.4542 0.7082
vn 0.4390 0.6340 0.6367
vn 0.4684 0.6450 0.6038
vn 0.4440 -0.7737 0.4520
vn 0.4413 -0.7703 0.4602
vn 0.4411 -0.7701 0.4608
vn 0.4441 -0.7739 0.4515
vn 0.4324 0.8001 0.4156
vn 0.4087 0.7916 0.4542
vn 0.2914 0.8886 0.3543
vn -0.1461 -0.8399 0.5228
vn -0.5743 -0.4652 0.6736
vn -0.6367 0.0855 0.7663
vn -0.6881 0.1553 0.7088
vn -0.6531 0.3913 0.6484
vn -0.5907 -0.5653 0.5758
vn -0.4534 -0.7436 0.4914
vn -0.5938 0.6355 0.4935
vn -0.5243 0.6905 0.4984
vn -0.5136 0.6258 0.5871
vn 0.1425 -0.0587 0.9880
vn 0.2039 -0.1525 0.9670
vn -0.4382 -0.8222 0.3632
vn -0.4558 0.8034 0.3832
vn -0.4145 0.8190 0.3967
vn 0.5765 -0.7512 0.3214
vn -0.3680 -0.8849 0.2854
vn -0.3715 -0.9165 0.1486
vn 0.5775 -0.7978 0.1733
vn -0.2500 -0.9677 0.0336
vn -0.4081 -0.5030 0.7618
vn -0.4006 -0.4939 0.7717
vn -0.4525 -0.1791 0.8736
vn -0.4620 0.1926 0.8657
vn -0.4039 0.4897 0.7727
vn -0.3443 0.6705 0.6571
vn -0.4176 -0.7789 0.4679
vn -0.3956 0.7999 0.4512
vn -0.3223 -0.4608 0.8269
vn 0.2870 -0.3563 0.8892
vn 0.4092 -0.3267 0.8520
vn -0.2940 -0.9547 0.0454
vn -0.1703 -0.1887 0.9671
vn -0.1707 -0.1885 0.9671
vn -0.1648 -0.1951 0.9668
vn -0.1645 -0.1955 0.9668
vn -0.1708 0.1889 0.9670
vn -0.1121 -0.7529 0.6486
vn -0.1427 -0.5173 0.8438
vn -0.1145 0.5242 0.8439
vn -0.0872 0.7232 0.6851
vn -0.3470 -0.6745 0.6516
vn -0.1902 -0.9126 0.3619
vn -0.1183 -0.9843 0.1309
vn 0.2116 -0.5097 0.8339
vn 0.1601 0.1976 0.9671
vn 0.0728 -0.9314 0.3565
vn 0.0581 0.9589 0.2778
vn 0.6002 -0.0822 0.7957
vn 0.0572 -0.9640 0.2596
vn 0.0951 -0.9709 0.2198
vn 0.5513 -0.3394 0.7621
vn 0.6540 -0.2623 0.7095
vn 0.2614 0.0783 0.9620
vn 0.3889 -0.4421 0.8083
vn 0.1482 0.4478 0.8817
vn 0.2752 0.7338 0.6211
vn 0.2785 0.7393 0.6131
vn 0.2747 0.7328 0.6225
vn 0.3129 -0.7362 0.6002
vn 0.2304 0.8194 0.5248
vn 0.2789 0.7399 0.6121
vn 0.2648 -0.8168 0.5126
vn 0.2049 0.9034 0.3766
vn 0.1915 0.9507 0.2437
vn 0.2445 0.9123 0.3285
vn -0.3709 0.5072 0.7780
vn -0.4823 0.3182 0.8162
vn 0.7435 -0.0904 0.6626
vn -0.3999 0.6223 0.6729
vn 0.2008 -0.9737 0.1076
vn 0.0658 -0.9978 0.0061
vn 0.2309 -0.9724 0.0343
vn 0.4075 -0.4750 0.7799
vn 0.4544 0.1853 0.8713
vn 0.5210 -0.6371 0.5681
vn 0.3782 0.8751 0.3021
vn -0.1384 0.1931 0.9714
vn -0.1245 0.1724 0.9771
vn 0.3534 -0.9019 0.2483
vn -0.1987 0.7304 0.6535
vn -0.3403 -0.9362 0.0876
vn 0.7226 -0.3380 0.6030
vn 0.6669 0.1689 0.7257
vn 0.6287 0.5250 0.5737
vn 0.5815 0.6182 0.5289
vn 0.5219 -0.7600 0.3873
vn 0.4893 0.7799 0.3903
vn 0.4892 0.7782 0.3938
vn 0.4894 0.7800 0.3900
vn 0.5190 -0.7784 0.3531
vn 0.4892 0.7780 0.3943
vn -0.2459 -0.8022 0.5440
vn -0.1791 -0.7605 0.6241
vn -0.0647 0.5572 0.8279
vn -0.2771 -0.8951 0.3494
vn 0.7448 -0.4509 0.4919
vn 0.8074 -0.1462 0.5717
vn 0.7486 0.3964 0.5314
vn 0.8335 -0.3552 0.4231
vn 0.9099 0.1333 0.3929
vn 0.8071 0.4061 0.4285
vn 0.7541 0.5464 0.3643
vn 0.7557 0.5461 0.3616
vn 0.7523 0.5470 0.3673
vn 0.7566 0.5599 0.3377
vn 0.1367 0.0835 0.9871
vn 0.1510 0.0981 0.9836
vn -0.1829 -0.6455 0.7415
vn 0.2584 0.4650 0.8468
vn 0.2315 0.5347 0.8128
vn 0.0292 -0.1704 0.9849
vn 0.0366 -0.6217 0.7824
vn 0.0971 -0.2302 0.9683
vn 0.7560 0.5459 0.3613
vn 0.4853 -0.5146 0.7069
vn 0.3456 -0.2010 0.9166
vn 0.4610 0.2666 0.8464
vn 0.0653 -0.8879 0.4555
vn 0.1722 0.8478 0.5015
vn 0.4056 0.7152 0.5692
vn 0.4176 0.6156 0.6683
vn -0.0265 -0.9708 0.2384
vn 0.2298 -0.6363 0.7364
vn 0.2329 -0.2468 0.9407
vn 0.0935 0.6799 0.7273
vn 0.5323 -0.0037 0.8466
vn 0.1332 0.8626 0.4880
vn 0.7009 -0.0653 0.7103
vn 0.7170 0.1828 0.6727
vn 0.5968 0.3460 0.7240
vn 0.6968 0.5030 0.5114
vn 0.7367 -0.4359 0.5169
vn 0.6286 0.6436 0.4365
vn 0.6936 0.5275 0.4906
vn 0.2047 -0.9641 0.1691
vn 0.6087 0.7393 0.2880
vn 0.7017 0.7109 0.0462
vn 0.3761 0.4151 0.8284
vn 0.3375 -0.6871 0.6434
vn 0.3253 0.7475 0.5792
vn 0.3187 -0.8194 0.4763
vn 0.3078 0.8842 0.3513
vn 0.2922 -0.9159 0.2752
vn 0.3430 0.8761 0.3388
vn 0.7362 -0.5434 0.4033
vn 0.8947 -0.0885 0.4377
vn 0.8710 -0.2481 0.4241
vn 0.8618 0.2374 0.4483
vn 0.9756 -0.0247 0.2184
vn 0.9070 0.3007 0.2947
vn 0.8525 0.4810 0.2048
vn 0.8521 0.4815 0.2050
vn 0.8531 0.4800 0.2045
vn 0.8542 0.4784 0.2039
vn 0.9549 0.2967 0.0063
vn 0.5535 0.1507 0.8191
vn 0.5070 -0.0989 0.8562
vn 0.5391 -0.4903 0.6848
vn 0.3991 0.6038 0.6900
vn 0.5318 0.7316 0.4265
vn 0.4845 -0.8409 0.2410
vn 0.4666 0.8507 0.2423
vn 0.4282 0.9014 0.0641
vn 0.9848 -0.1524 0.0829
vn 0.9549 -0.2861 0.0798
vn 0.7638 -0.1521 0.6273
vn 0.7580 0.0747 0.6479
vn 0.6616 0.2263 0.7149
vn 0.7310 -0.3358 0.5940
vn 0.7443 -0.4996 0.4433
vn 0.7562 -0.1747 0.6306
vn 0.5512 0.7079 0.4416
vn 0.5168 0.8127 0.2689
vn 0.7485 0.5382 0.3875
vn 0.4972 -0.8301 0.2523
vn 0.5936 0.8037 0.0410
vn 0.8815 0.2165 0.4197
vn 0.7827 0.4669 0.4116
vn 0.7268 -0.6583 0.1961
vn 0.8875 -0.3946 0.2381
vn 0.9048 -0.3144 0.2871
vn 0.7069 0.6797 0.1959
vn 0.7285 -0.6839 0.0385
vn 0.9132 0.3966 0.0932
vn 0.9014 0.4275 0.0688
vn 0.1355 0.0537 0.9893
vn 0.1837 0.6855 0.7045
vn 0.1943 0.5023 0.8426
vn 0.2191 0.8347 0.5052
vn 0.1802 0.8936 0.4111
vn 0.2731 0.9587 0.0800
vn 0.2664 0.1602 0.9505
vn 0.2566 0.3136 0.9142
vn 0.3862 0.4736 0.7916
vn 0.3531 0.8784 0.3220
vn 0.3419 0.9349 0.0951
vn 0.4156 0.0758 0.9064
vn 0.3628 0.3172 0.8762
vn 0.4640 0.6255 0.6272
vn 0.5264 0.5224 0.6708
vn 0.5177 0.5289 0.6725
vn 0.5168 0.5295 0.6728
vn 0.4626 0.7313 0.5012
vn 0.5618 0.1574 0.8121
vn 0.6178 0.3513 0.7035
vn 0.5279 0.5213 0.6705
vn 0.6588 0.6622 0.3571
vn 0.6028 0.7953 0.0645
vn 0.7411 0.1143 0.6616
vn 0.7265 0.5550 0.4052
vn 0.8182 0.3430 0.4613
vn 0.6967 0.7146 0.0631
vn -0.1482 0.8101 0.5673
vn -0.1703 0.8331 0.5263
vn 0.9163 0.3862 0.1057
vn 0.8205 0.5649 0.0878
vn 0.0817 0.8053 0.5872
vn 0.0605 0.9914 0.1162
vn 0.1521 0.9862 0.0656
vn 0.2707 0.9334 0.2354
vn 0.5001 0.8222 0.2717
vn 0.3048 -0.9219 -0.2389
vn 0.3575 -0.8904 -0.2817
vn -0.4154 0.7844 -0.4606
vn 0.4012 -0.8047 -0.4376
vn 0.3898 0.7736 -0.4995
vn 0.5198 -0.5886 -0.6192
vn 0.4399 0.6547 -0.6146
vn 0.5543 -0.4073 -0.7259
vn 0.5715 -0.4333 -0.6969
vn 0.5923 -0.1491 -0.7918
vn 0.4414 0.2645 -0.8574
vn -0.6533 0.4150 -0.6333
vn 0.4811 -0.8762 0.0283
vn 0.5398 -0.8324 -0.1255
vn 0.5206 -0.8433 -0.1338
vn 0.5498 -0.7832 -0.2904
vn -0.3621 -0.8951 -0.2601
vn -0.3526 -0.8850 -0.3039
vn 0.1282 -0.5308 -0.8378
vn 0.2432 -0.3270 -0.9132
vn 0.5354 -0.7267 -0.4305
vn 0.5341 -0.7280 -0.4299
vn 0.5357 -0.7263 -0.4306
vn 0.5337 -0.7283 -0.4298
vn -0.4119 0.8234 -0.3902
vn 0.0484 -0.1082 -0.9930
vn 0.5382 -0.5917 -0.6002
vn -0.4684 -0.7167 -0.5166
vn -0.5796 0.6613 -0.4762
vn -0.5551 0.6236 -0.5505
vn -0.5966 -0.4816 -0.6420
vn -0.6429 0.0997 -0.7595
vn -0.5915 -0.4607 -0.6617
vn -0.2982 -0.9474 -0.1165
vn -0.2352 -0.9685 -0.0820
vn -0.2890 -0.9343 -0.2088
vn -0.3228 0.8828 -0.3413
vn 0.2104 -0.4483 -0.8688
vn 0.4031 -0.3253 -0.8554
vn 0.3422 -0.0290 -0.9392
vn -0.4055 -0.7859 -0.4668
vn -0.4511 -0.2112 -0.8671
vn -0.4028 0.4935 -0.7708
vn -0.4030 0.4937 -0.7706
vn -0.4038 0.4950 -0.7694
vn -0.4048 0.4966 -0.7678
vn -0.0653 -0.9975 -0.0255
vn -0.1227 -0.9607 -0.2489
vn 0.4454 -0.2906 -0.8468
vn 0.4667 -0.1652 -0.8689
vn -0.0878 -0.8245 -0.5591
vn -0.2730 0.7566 -0.5941
vn -0.0967 -0.7557 -0.6477
vn -0.1434 -0.5212 -0.8413
vn -0.1433 -0.5211 -0.8414
vn -0.1448 -0.5225 -0.8402
vn -0.1439 0.5207 -0.8415
vn -0.2272 -0.1235 -0.9660
vn -0.0213 -0.9765 -0.2145
vn 0.0573 -0.9654 -0.2544
vn 0.5486 -0.3535 -0.7577
vn 0.5861 -0.0744 -0.8068
vn 0.0899 -0.9275 -0.3628
vn 0.0880 -0.8795 -0.4676
vn -0.0705 0.8822 -0.4655
vn -0.1074 -0.7657 -0.6341
vn 0.1205 -0.6942 -0.7096
vn -0.1419 -0.5198 -0.8424
vn 0.1146 0.7377 -0.6654
vn 0.2116 -0.9742 -0.0790
vn 0.7173 -0.1224 -0.6860
vn -0.4860 0.3076 -0.8181
vn 0.6740 -0.1471 -0.7239
vn 0.2029 0.9047 -0.3746
vn 0.2639 0.8507 -0.4547
vn 0.2724 -0.8131 -0.5144
vn 0.2593 0.8437 -0.4700
vn 0.3154 -0.7316 -0.6044
vn 0.1473 -0.4807 -0.8644
vn 0.1446 0.5006 -0.8535
vn 0.1720 -0.5165 -0.8388
vn -0.3621 -0.9081 -0.2103
vn -0.1840 0.7004 -0.6896
vn 0.2719 -0.9404 -0.2043
vn 0.3476 -0.8987 -0.2674
vn 0.3887 -0.8817 -0.2675
vn -0.2338 0.4060 -0.8835
vn -0.1199 0.6586 -0.7429
vn 0.3544 -0.8346 -0.4216
vn 0.3980 0.6786 -0.6173
vn 0.3903 -0.5406 -0.7452
vn 0.5686 -0.3916 -0.7234
vn 0.4829 0.1770 -0.8576
vn -0.2487 -0.9686 0.0003
vn -0.3492 -0.8640 -0.3627
vn -0.2098 -0.8702 -0.4458
vn -0.2395 -0.8118 -0.5326
vn 0.0245 0.3502 -0.9364
vn 0.5138 -0.7795 -0.3582
vn -0.1226 0.0337 -0.9919
vn 0.6766 -0.5898 -0.4408
vn 0.5786 0.6780 -0.4534
vn 0.5176 -0.6455 -0.5615
vn 0.6017 -0.4594 -0.6534
vn 0.6690 -0.1618 -0.7255
vn 0.6690 0.1639 -0.7250
vn 0.2813 0.5267 -0.8022
vn -0.0536 -0.3818 -0.9227
vn 0.8260 0.4320 -0.3620
vn 0.2077 -0.1211 -0.9707
vn 0.8422 -0.3636 -0.3981
vn 0.7418 -0.4152 -0.5267
vn 0.7483 -0.4619 -0.4761
vn 0.8084 0.1470 -0.5699
vn 0.7352 0.4617 -0.4962
vn 0.7419 0.4542 -0.4931
vn 0.7410 0.4552 -0.4936
vn 0.7345 0.4625 -0.4965
vn 0.0535 -0.8873 -0.4580
vn 0.0686 -0.8748 -0.4797
vn 0.4393 0.6057 -0.6634
vn 0.3694 -0.3564 -0.8582
vn 0.5004 -0.5144 -0.6964
vn 0.5092 -0.4330 -0.7437
vn 0.5925 0.1682 -0.7878
vn 0.3836 0.3367 -0.8600
vn 0.5397 0.2691 -0.7977
vn -0.1381 0.0359 -0.9898
vn 0.1081 0.0891 -0.9901
vn 0.8897 -0.1295 -0.4378
vn 0.7303 0.6271 -0.2708
vn 0.7769 -0.4709 -0.4179
vn 0.7018 -0.4752 -0.5306
vn 0.1118 0.8541 -0.5079
vn 0.1478 0.8818 -0.4478
vn 0.6850 -0.2339 -0.6900
vn 0.7897 0.1426 -0.5967
vn 0.5978 0.5101 -0.6185
vn 0.2035 0.7611 -0.6158
vn 0.1228 -0.5864 -0.8007
vn 0.1233 -0.3926 -0.9114
vn 0.1407 -0.4089 -0.9017
vn 0.1486 0.3441 -0.9271
vn 0.3039 -0.9474 -0.1008
vn 0.6024 -0.7602 -0.2433
vn 0.2844 0.9296 -0.2345
vn 0.4012 0.8953 -0.1937
vn 0.9199 -0.3032 -0.2489
vn 0.9326 0.2632 -0.2469
vn 0.2780 -0.9302 -0.2399
vn 0.3146 -0.9035 -0.2912
vn 0.8824 -0.3327 -0.3328
vn 0.8829 -0.3315 -0.3324
vn 0.8837 -0.3300 -0.3319
vn 0.8777 -0.3419 -0.3358
vn 0.8610 -0.0646 -0.5044
vn 0.7788 0.3481 -0.5219
vn 0.2794 -0.8464 -0.4534
vn 0.3445 0.8018 -0.4884
vn 0.8392 -0.0470 -0.5419
vn 0.2170 -0.6837 -0.6968
vn 0.3517 -0.3251 -0.8778
vn 0.3057 0.0726 -0.9494
vn 0.3967 0.5660 -0.7227
vn 0.3546 0.9342 -0.0390
vn 0.9700 0.2339 -0.0668
vn 0.3602 0.9157 -0.1783
vn 0.4063 0.7728 -0.4875
vn 0.4780 0.8022 -0.3579
vn 0.5168 0.6270 -0.5829
vn 0.5006 0.2029 -0.8416
vn 0.5432 -0.0522 -0.8380
vn 0.5608 0.8119 -0.1624
vn 0.6699 0.6585 -0.3429
vn 0.5291 -0.7713 -0.3538
vn 0.4851 -0.7962 -0.3615
vn 0.6322 -0.5901 -0.5022
vn 0.7837 -0.0285 -0.6205
vn 0.6236 -0.3315 -0.7080
vn 0.6391 0.2295 -0.7341
vn 0.7809 0.0456 -0.6230
vn 0.9073 -0.4194 -0.0299
vn 0.7264 0.6849 -0.0562
vn 0.7643 -0.6130 -0.2002
vn 0.9498 -0.2346 -0.2068
vn 0.9326 0.3365 -0.1302
vn 0.8408 -0.4538 -0.2951
vn 0.9437 -0.0086 -0.3307
vn 0.9420 -0.0535 -0.3314
vn 0.8290 0.3311 -0.4507
vn 0.8355 0.3073 -0.4555
vn 0.9719 0.1716 -0.1611
vn 0.9917 -0.1092 -0.0683
vn 0.1764 0.9838 -0.0310
vn 0.2124 0.9503 -0.2278
vn 0.1843 0.8332 -0.5213
vn 0.1437 0.8005 -0.5819
vn 0.1393 0.1124 -0.9839
vn 0.2437 0.6585 -0.7120
vn 0.3301 0.0199 -0.9437
vn 0.4388 0.8464 -0.3017
vn 0.4441 0.8013 -0.4008
vn 0.4582 0.4882 -0.7428
vn 0.5257 0.4512 -0.7212
vn 0.3544 0.6357 -0.6858
vn 0.4282 0.1447 -0.8920
vn 0.6703 0.7045 -0.2332
vn 0.5846 0.3340 -0.7394
vn 0.5799 0.1090 -0.8073
vn 0.6579 0.7218 -0.2148
vn 0.8456 0.1156 -0.5211
vn 0.7692 0.4691 -0.4339
vn 0.6248 0.5917 -0.5094
vn 0.7413 0.1129 -0.6616
vn 0.9185 0.3718 -0.1346
vn 0.9184 0.3719 -0.1347
vn 0.9183 0.3721 -0.1349
vn 0.8641 0.4888 -0.1198
vn 0.8302 0.3881 -0.4003
vn 0.8267 0.3340 -0.4528
vn 0.0262 0.9738 -0.2257
vn 0.1872 0.9505 -0.2478
vn 0.2745 0.9594 -0.0642
vn 0.3478 0.7866 -0.5102
vn 0.5699 0.8100 -0.1384
vn 0.4532 0.8145 -0.3622
s 1
f 1//1 12//1 6//1
f 3//2 10//2 12//2
f 14//3 1//3 2//3
f 6//4 12//4 5//4
f 6//5 9//5 7//5
f 8//6 7//6 9//6
f 10//7 4//7 12//7
f 2//8 6//8 7//8
f 2//9 18//9 19//9
f 6//10 15//10 9//10
f 8//11 9//11 16//11
f 18//12 8//12 24//12
f 11//13 22//13 4//13
f 27//14 11//14 20//14
f 17//15 22//15 34//15
f 23//16 17//16 34//16
f 9//17 15//17 31//17
f 9//18 32//18 16//18
f 11//19 28//19 26//19
f 30//20 18//20 29//20
f 31//21 23//21 36//21
f 25//22 24//22 33//22
f 34//23 22//23 26//23
f 27//24 40//24 28//24
f 23//25 34//26 43//27
f 43//27 34//26 42//28
f 38//29 32//29 37//29
f 47//30 40//30 350//30
f 54//31 37//31 55//31
f 37//32 54//32 38//32
f 55//33 36//33 43//33
f 57//34 34//34 28//34
f 25//35 39//35 58//35
f 45//36 28//36 40//36
f 28//37 45//37 57//37
f 35//38 25//38 44//38
f 46//39 35//39 44//39
f 49//40 46//40 61//40
f 48//41 61//41 62//41
f 41//42 46//42 49//42
f 51//43 50//43 53//43
f 53//44 66//44 55//44
f 43//45 51//45 53//45
f 43//46 53//46 55//46
f 39//47 38//47 76//47
f 58//48 39//48 76//48
f 45//49 56//49 57//49
f 44//50 58//50 59//50
f 60//51 73//51 61//51
f 62//52 75//52 78//52
f 47//53 79//53 45//53
f 63//54 47//54 65//54
f 53//55 50//55 67//55
f 55//56 66//56 54//56
f 66//57 53//57 67//57
f 69//58 54//58 86//58
f 90//59 76//60 70//61
f 71//62 90//62 72//62
f 76//63 38//63 69//63
f 76//64 59//64 58//64
f 78//65 91//65 92//65
f 80//66 68//66 79//66
f 80//67 103//67 68//67
f 78//68 92//68 81//68
f 80//69 79//69 63//69
f 82//70 64//70 81//70
f 83//71 67//71 50//71
f 68//72 111//72 85//72
f 74//73 72//73 100//73
f 100//74 72//74 87//74
f 88//75 111//75 68//75
f 69//76 86//77 77//78
f 77//78 86//77 89//79
f 77//80 89//80 70//80
f 104//81 90//81 70//81
f 91//82 75//82 102//82
f 105//83 91//83 121//83
f 92//84 106//84 93//84
f 94//85 103//85 80//85
f 95//86 93//86 107//86
f 83//87 50//87 109//87
f 66//88 83//88 97//88
f 84//89 97//89 113//89
f 86//90 84//91 113//92
f 87//93 90//93 104//93
f 116//94 100//94 87//94
f 74//95 100//95 102//95
f 121//96 102//96 116//96
f 104//97 70//97 89//97
f 93//98 123//98 107//98
f 108//99 124//100 80//100
f 112//101 96//101 111//101
f 113//102 97//102 114//102
f 101//103 115//103 99//103
f 115//104 101//104 128//104
f 87//105 99//105 116//105
f 116//106 99//106 117//106
f 128//107 120//107 119//107
f 122//108 116//108 129//108
f 122//109 105//109 121//109
f 135//110 124//110 108//110
f 109//111 96//111 137//111
f 110//112 136//112 97//112
f 125//113 97//113 136//113
f 112//114 126//114 96//114
f 112//115 118//115 154//115
f 98//116 145//116 119//116
f 116//117 117//117 129//117
f 118//118 94//118 133//118
f 148//119 127//119 115//119
f 119//120 145//120 139//120
f 146//121 128//121 119//121
f 128//122 146//122 115//122
f 148//123 115//123 146//123
f 127//124 148//124 138//124
f 129//125 151//125 152//125
f 122//126 152//126 153//126
f 131//127 153//128 140//129
f 132//130 131//130 140//130
f 156//131 124//131 135//131
f 137//132 126//132 143//132
f 144//133 136//133 143//133
f 146//134 139//134 158//134
f 146//135 158//135 147//135
f 146//136 147//136 148//136
f 112//137 161//137 126//137
f 126//138 161//138 149//138
f 138//139 150//139 162//139
f 127//140 138//140 151//140
f 130//141 165//141 154//141
f 153//142 152//142 155//142
f 155//143 140//143 153//143
f 147//144 158//145 157//146
f 144//147 143//147 174//147
f 139//148 159//149 158//150
f 174//151 143//151 149//151
f 150//152 148//152 160//152
f 155//153 152//153 164//153
f 141//154 180//154 166//154
f 165//155 133//155 167//155
f 158//156 168//157 170//158
f 157//159 170//159 171//159
f 174//160 169//160 144//160
f 172//161 150//161 160//161
f 161//162 173//162 149//162
f 162//163 188//163 163//163
f 178//164 164//164 177//164
f 182//165 173//165 175//165
f 177//166 163//166 189//166
f 180//167 179//167 181//167
f 185//168 168//168 199//168
f 157//169 171//169 186//169
f 177//170 190//170 178//170
f 179//171 178//171 205//171
f 182//172 191//172 173//172
f 200//173 173//173 191//173
f 185//174 199//174 196//174
f 196//175 199//175 219//175
f 219//176 199//177 187//178
f 172//179 186//179 210//179
f 187//180 200//181 211//182
f 200//181 226//183 211//182
f 188//184 172//184 201//184
f 172//185 210//185 201//185
f 189//186 188//186 202//186
f 178//187 190//187 203//187
f 178//188 203//188 205//188
f 181//189 204//189 206//189
f 193//190 207//190 212//190
f 208//191 184//191 195//191
f 197//192 196//192 218//192
f 185//193 196//193 197//193
f 210//194 186//194 198//194
f 210//195 198//195 235//195
f 235//196 198//196 234//196
f 202//197 201//198 213//199
f 213//199 201//198 222//200
f 214//201 202//201 213//201
f 203//202 214//203 215//204
f 214//205 213//205 215//205
f 204//206 205//206 228//206
f 217//207 208//208 216//209
f 218//210 196//210 220//210
f 198//211 218//212 234//213
f 196//214 219//214 220//214
f 211//215 237//215 219//215
f 221//216 223//216 222//216
f 222//217 223//217 213//217
f 228//218 203//202 215//204
f 229//219 228//219 230//219
f 231//220 228//220 229//220
f 231//221 229//221 243//221
f 226//222 224//222 240//222
f 232//223 231//223 233//223
f 224//224 207//224 217//224
f 234//225 218//225 247//225
f 235//226 234//226 248//226
f 220//227 219//227 237//227
f 218//228 220//228 246//228
f 236//229 223//229 250//229
f 225//230 252//230 237//230
f 233//231 243//231 255//231
f 240//232 225//232 226//232
f 241//233 238//233 254//233
f 243//234 242//234 255//234
f 255//235 239//235 233//235
f 227//236 241//236 244//236
f 247//237 258//237 245//237
f 234//238 247//238 248//238
f 247//239 259//239 248//239
f 262//240 248//240 249//240
f 252//241 251//241 237//241
f 255//242 242//242 267//242
f 265//243 241//243 254//243
f 256//244 268//244 240//244
f 258//245 246//245 261//245
f 270//246 258//246 261//246
f 245//247 271//248 259//249
f 259//249 271//248 260//250
f 274//251 261//251 251//251
f 253//252 263//252 252//252
f 266//253 263//253 253//253
f 269//254 268//254 256//254
f 261//255 276//255 270//255
f 245//256 258//257 270//258
f 271//259 245//256 270//258
f 273//260 249//260 260//260
f 265//261 264//261 277//261
f 265//262 277//262 279//262
f 278//263 288//263 645//263
f 280//264 265//264 279//264
f 268//265 266//265 253//265
f 281//266 266//266 268//266
f 282//267 269//267 283//267
f 284//268 270//268 276//268
f 284//269 276//269 634//269
f 272//270 260//270 285//270
f 274//271 275//271 276//271
f 277//272 273//272 272//272
f 637//273 277//273 272//273
f 278//274 280//274 288//274
f 289//275 266//275 281//275
f 283//276 291//276 282//276
f 293//277 292//277 294//277
f 295//278 292//278 142//278
f 142//279 166//279 297//279
f 295//280 142//280 297//280
f 295//281 297//281 298//281
f 299//282 166//282 183//282
f 296//283 297//283 166//283
f 298//284 297//284 300//284
f 296//285 299//285 302//285
f 298//286 300//286 301//286
f 302//287 299//287 192//287
f 305//288 300//288 303//288
f 303//289 302//289 304//289
f 306//290 303//290 304//290
f 307//291 304//291 232//291
f 308//292 306//292 307//292
f 312//293 309//293 306//293
f 232//294 314//294 310//294
f 233//295 314//295 232//295
f 312//296 308//296 311//296
f 314//297 239//297 318//297
f 315//298 318//298 319//298
f 311//299 315//299 320//299
f 311//300 320//301 316//302
f 324//303 323//303 329//303
f 321//304 325//304 322//304
f 278//305 645//305 326//305
f 331//306 326//306 808//306
f 328//307 327//307 331//307
f 810//308 328//308 331//308
f 328//309 810//309 332//309
f 324//310 329//311 332//312
f 811//313 324//310 332//312
f 811//314 333//314 324//314
f 334//315 325//315 333//315
f 330//316 325//316 335//316
f 336//317 1//317 14//317
f 336//318 14//318 337//318
f 338//319 336//319 337//319
f 20//320 10//320 3//320
f 13//321 19//321 343//321
f 345//322 20//322 339//322
f 340//323 3//323 336//323
f 339//324 3//324 340//324
f 337//325 13//325 346//325
f 342//326 338//326 337//326
f 343//327 30//327 344//327
f 13//328 343//328 346//328
f 349//329 341//329 338//329
f 351//330 350//330 20//330
f 351//331 345//331 347//331
f 348//332 355//332 349//332
f 364//333 350//333 358//333
f 360//334 351//334 347//334
f 360//335 358//335 351//335
f 359//336 375//336 352//336
f 360//337 347//337 354//337
f 352//338 375//338 361//338
f 30//339 41//339 357//339
f 361//340 375//340 378//340
f 374//341 371//341 360//341
f 374//342 360//342 365//342
f 363//343 361//343 378//343
f 65//344 364//344 369//344
f 370//345 41//345 368//345
f 371//346 369//346 358//346
f 359//347 370//347 372//347
f 385//348 370//348 368//348
f 385//349 368//349 373//349
f 375//350 359//350 372//350
f 375//351 376//351 378//351
f 362//352 388//352 365//352
f 389//353 388//353 362//353
f 380//354 48//354 64//354
f 379//355 65//355 369//355
f 383//356 379//356 369//356
f 376//357 372//357 385//357
f 387//358 376//358 385//358
f 387//359 385//359 373//359
f 399//360 373//360 384//360
f 377//361 386//361 365//361
f 366//362 389//362 367//362
f 391//363 82//363 392//363
f 108//364 63//364 393//364
f 399//365 384//365 381//365
f 395//366 393//366 383//366
f 395//367 407//367 393//367
f 401//368 366//369 378//370
f 396//371 409//371 401//371
f 409//372 396//372 397//372
f 396//373 376//373 398//373
f 397//374 396//374 398//374
f 411//375 407//375 395//375
f 404//376 395//376 386//376
f 414//377 387//377 403//377
f 418//378 393//379 408//380
f 394//381 410//381 400//381
f 410//382 394//382 419//382
f 403//383 399//383 427//383
f 400//384 436//384 427//384
f 416//385 405//385 404//385
f 412//386 423//386 429//386
f 400//387 410//387 436//387
f 411//388 420//388 407//388
f 413//389 433//389 421//389
f 422//390 420//390 411//390
f 413//391 402//391 424//391
f 425//392 402//392 414//392
f 436//393 426//393 427//393
f 416//394 428//394 405//394
f 405//395 428//395 422//395
f 429//396 423//396 430//396
f 431//397 406//397 417//397
f 419//398 595//398 432//398
f 420//399 441//399 408//399
f 418//400 408//400 441//400
f 410//401 437//401 436//401
f 435//402 437//402 410//402
f 424//403 443//403 413//403
f 437//404 426//404 436//404
f 423//405 458//405 430//405
f 438//406 428//406 431//406
f 431//407 447//407 440//407
f 444//408 437//408 435//408
f 422//409 450//409 420//409
f 424//410 454//410 443//410
f 438//411 445//411 428//411
f 447//412 430//412 458//412
f 439//413 456//413 446//413
f 457//414 445//414 438//414
f 441//415 448//415 460//415
f 449//416 435//416 432//416
f 458//417 434//417 452//417
f 453//418 452//418 434//418
f 454//419 453//419 434//419
f 447//420 459//420 440//420
f 449//421 461//421 462//421
f 451//422 449//422 462//422
f 451//423 462//423 472//423
f 475//424 442//424 463//424
f 446//425 464//425 455//425
f 464//426 446//426 465//426
f 465//427 446//427 456//427
f 466//428 465//428 467//428
f 463//429 442//429 445//429
f 468//430 445//430 457//430
f 468//431 463//431 445//431
f 483//432 485//432 453//432
f 483//433 453//433 454//433
f 486//434 448//434 471//434
f 494//435 472//435 462//435
f 477//436 466//436 467//436
f 477//437 467//437 473//437
f 468//438 478//438 463//438
f 479//439 476//439 480//439
f 495//440 481//440 482//440
f 481//441 495//441 468//441
f 194//442 470//442 486//442
f 471//443 487//443 486//443
f 489//444 488//444 477//444
f 499//445 487//445 478//445
f 489//446 476//446 488//446
f 493//447 476//447 489//447
f 501//448 477//448 473//448
f 474//449 501//449 473//449
f 468//450 495//450 500//450
f 497//451 482//451 469//451
f 504//452 496//452 497//452
f 483//453 508//453 485//453
f 483//454 509//454 508//454
f 484//455 509//455 483//455
f 487//456 498//456 486//456
f 498//457 194//457 486//457
f 499//458 498//458 487//458
f 510//459 498//459 499//459
f 494//460 502//460 474//460
f 502//461 501//461 474//461
f 504//462 500//462 495//462
f 496//463 504//463 495//463
f 506//464 505//465 484//466
f 516//467 504//467 497//467
f 508//468 507//468 497//468
f 507//469 516//469 497//469
f 505//470 509//470 484//470
f 519//471 493//471 489//471
f 502//472 522//472 514//472
f 515//473 500//473 504//473
f 517//474 516//474 507//474
f 513//475 520//475 511//475
f 511//476 520//476 526//476
f 610//477 521//477 512//477
f 531//478 525//478 515//478
f 506//479 519//479 532//479
f 533//480 531//480 523//480
f 536//481 506//481 532//481
f 517//482 549//482 516//482
f 524//483 549//483 517//483
f 518//484 537//484 216//484
f 525//485 538//485 518//485
f 520//486 527//486 526//486
f 541//487 527//487 520//487
f 541//488 521//488 528//488
f 541//489 520//489 522//489
f 528//490 529//490 544//490
f 535//491 524//491 536//491
f 551//492 536//492 532//492
f 549//493 534//493 516//493
f 537//494 217//494 216//494
f 527//495 539//496 540//497
f 540//498 555//498 543//498
f 545//499 544//499 529//499
f 533//500 546//500 531//500
f 547//501 557//501 546//501
f 533//502 534//502 547//502
f 552//503 551//503 532//503
f 257//504 256//504 537//504
f 553//505 537//505 538//505
f 557//506 554//506 538//506
f 559//507 542//507 544//507
f 559//508 544//508 545//508
f 548//509 558//509 561//509
f 543//510 558//510 548//510
f 561//511 575//511 552//511
f 562//512 549//512 550//512
f 563//513 551//513 565//513
f 552//514 565//514 551//514
f 552//515 575//515 565//515
f 574//516 564//517 563//518
f 567//519 566//519 553//519
f 558//520 555//520 569//520
f 558//521 569//521 571//521
f 570//522 577//522 559//522
f 572//523 561//523 571//523
f 550//524 573//524 562//524
f 580//525 560//525 573//525
f 561//526 572//526 575//526
f 574//527 583//528 564//529
f 582//530 573//530 564//530
f 583//528 582//531 564//529
f 574//532 563//532 565//532
f 575//533 584//533 565//533
f 565//534 583//534 574//534
f 569//535 587//535 844//535
f 580//536 578//536 560//536
f 586//537 578//537 580//537
f 592//538 580//538 573//538
f 847//539 581//539 591//539
f 591//540 581//540 572//540
f 582//541 592//541 573//541
f 593//542 583//543 584//544
f 581//545 584//545 575//545
f 576//546 585//546 567//546
f 844//547 587//547 588//547
f 556//548 843//548 587//548
f 589//549 843//549 556//549
f 572//550 844//550 591//550
f 592//551 590//551 580//551
f 593//552 582//552 583//552
f 584//544 594//553 593//542
f 432//554 595//554 596//554
f 597//555 292//555 295//555
f 596//556 292//556 597//556
f 596//557 597//557 461//557
f 598//558 298//558 600//558
f 599//559 491//559 461//559
f 602//560 491//560 599//560
f 600//561 298//561 301//561
f 600//562 601//562 598//562
f 599//563 601//563 602//563
f 602//564 492//564 491//564
f 600//565 603//565 604//565
f 603//566 301//566 305//566
f 605//567 604//567 603//567
f 603//568 305//568 605//568
f 608//569 605//569 607//569
f 606//570 605//570 608//570
f 611//571 610//571 608//571
f 612//572 312//572 614//572
f 614//573 312//573 313//573
f 609//574 612//574 613//574
f 528//575 610//575 529//575
f 609//576 611//576 608//576
f 618//577 609//577 613//577
f 614//578 317//578 619//578
f 613//579 615//580 616//581
f 611//582 609//582 618//582
f 618//583 616//583 628//583
f 617//584 626//584 545//584
f 624//585 616//586 625//587
f 624//588 630//588 628//588
f 629//589 579//589 570//589
f 630//590 629//590 626//590
f 623//591 627//591 1000//591
f 623//592 1000//592 997//592
f 623//593 997//593 631//593
f 631//594 632//595 624//596
f 998//597 629//597 630//597
f 276//598 639//598 634//598
f 284//599 634//599 635//599
f 635//600 634//600 633//600
f 640//601 639//601 275//601
f 639//602 640//602 641//602
f 288//603 280//603 655//603
f 643//604 286//604 289//604
f 654//605 655//605 290//605
f 654//606 290//606 644//606
f 655//607 280//607 290//607
f 289//608 291//608 646//608
f 283//609 647//609 291//609
f 647//610 646//610 291//610
f 648//611 635//611 633//611
f 648//612 633//612 660//612
f 662//613 664//613 638//613
f 642//614 650//614 644//614
f 288//615 655//615 670//615
f 653//616 640//616 643//616
f 669//617 651//617 653//617
f 655//618 654//618 671//618
f 657//619 646//620 647//621
f 648//622 658//622 663//622
f 648//623 660//624 661//625
f 665//626 662//627 663//628
f 649//629 641//629 666//629
f 680//630 666//630 651//630
f 654//631 668//631 671//631
f 652//632 670//632 683//632
f 672//633 669//633 656//633
f 685//634 672//634 673//634
f 663//635 675//636 676//637
f 663//638 676//638 688//638
f 661//639 659//640 677//641
f 680//642 679//642 666//642
f 666//643 679//644 659//645
f 667//646 665//646 678//646
f 668//647 667//648 678//649
f 681//650 668//650 699//650
f 690//651 680//652 669//653
f 668//654 681//654 671//654
f 670//655 681//655 682//655
f 670//656 682//656 683//656
f 672//657 684//657 669//657
f 690//658 669//658 684//658
f 674//659 686//659 675//659
f 679//660 680//660 698//660
f 668//647 678//649 699//661
f 689//662 681//662 699//662
f 680//663 690//663 691//663
f 695//664 684//664 685//664
f 702//665 684//665 695//665
f 705//666 687//666 686//666
f 677//667 696//667 686//667
f 688//668 687//668 706//668
f 677//669 679//669 696//669
f 679//670 709//671 696//672
f 699//673 710//673 711//673
f 692//674 714//674 700//674
f 693//675 682//675 694//675
f 717//676 695//676 877//676
f 705//677 686//677 704//677
f 707//678 706//679 705//680
f 688//681 706//681 708//681
f 712//682 697//682 698//682
f 691//683 712//683 698//683
f 715//684 725//684 691//684
f 702//685 715//685 691//685
f 716//686 715//686 702//686
f 704//687 709//687 718//687
f 705//688 704//688 707//688
f 707//689 704//689 719//689
f 720//690 707//691 721//692
f 720//693 708//693 706//693
f 724//694 710//694 722//694
f 718//695 697//695 732//695
f 713//696 724//696 736//696
f 701//697 700//697 726//697
f 739//698 715//698 728//698
f 728//699 716//699 729//699
f 719//700 733//701 731//702
f 731//703 721//692 707//691
f 723//704 718//704 732//704
f 731//702 733//701 742//705
f 723//706 732//706 735//706
f 713//707 736//707 737//707
f 727//708 726//708 740//708
f 730//709 754//709 729//709
f 733//710 723//710 735//710
f 743//711 735//711 732//711
f 745//712 755//712 743//712
f 742//713 733//713 756//713
f 742//714 734//714 731//714
f 744//715 734//715 742//715
f 739//716 745//716 743//716
f 734//717 744//717 746//717
f 746//718 748//718 734//718
f 747//719 736//719 748//719
f 749//720 747//720 748//720
f 738//721 737//721 758//721
f 728//722 759//722 739//722
f 746//723 760//723 749//723
f 754//724 759//724 729//724
f 753//725 759//725 754//725
f 767//726 741//726 766//726
f 733//727 741//728 756//729
f 756//729 741//728 767//730
f 769//731 742//731 756//731
f 744//732 769//732 757//732
f 762//733 758//734 747//735
f 747//736 749//736 761//736
f 752//737 750//737 763//737
f 762//738 764//738 763//738
f 755//739 784//739 766//739
f 768//740 769//740 756//740
f 759//741 772//741 745//741
f 757//742 771//742 773//742
f 760//743 773//743 790//743
f 761//744 749//744 776//744
f 778//745 762//746 777//747
f 774//748 759//748 779//748
f 775//749 790//749 780//749
f 780//750 776//750 775//750
f 780//751 777//751 776//751
f 778//752 794//752 781//752
f 782//753 841//753 765//753
f 965//754 782//754 781//754
f 783//755 766//755 786//755
f 785//756 784//756 770//756
f 766//757 784//757 786//757
f 768//758 795//758 787//758
f 771//759 768//759 787//759
f 770//760 772//760 788//760
f 790//761 789//761 792//761
f 785//762 770//762 788//762
f 788//763 801//763 785//763
f 789//764 798//764 800//764
f 774//765 982//765 791//765
f 797//766 796//766 802//766
f 799//767 795//767 803//767
f 795//768 802//769 803//770
f 804//771 788//771 791//771
f 802//772 796//773 805//774
f 806//775 800//775 799//775
f 807//776 802//776 805//776
f 807//777 803//777 802//777
f 808//778 645//778 809//778
f 331//779 808//779 809//779
f 815//780 333//780 811//780
f 334//781 333//781 815//781
f 810//782 816//782 814//782
f 813//783 810//783 814//783
f 811//784 332//784 813//784
f 331//785 809//785 816//785
f 819//786 812//786 683//786
f 821//787 817//787 813//787
f 824//788 821//788 813//788
f 815//789 821//789 826//789
f 822//790 683//790 693//790
f 821//791 824//791 825//791
f 826//792 821//792 825//792
f 693//793 703//794 828//795
f 823//796 822//796 828//796
f 831//797 823//797 828//797
f 825//798 820//799 829//800
f 820//801 823//802 829//803
f 830//804 825//804 829//804
f 828//805 703//805 831//805
f 834//806 831//806 833//806
f 836//807 829//807 834//807
f 836//808 834//808 835//808
f 833//809 831//809 832//809
f 833//810 832//810 837//810
f 833//811 837//811 838//811
f 832//812 740//812 839//812
f 837//813 832//813 839//813
f 839//814 740//814 751//814
f 840//815 839//815 841//815
f 585//816 647//816 283//816
f 647//817 585//817 854//817
f 842//818 576//818 586//818
f 845//819 844//819 588//819
f 861//820 843//820 589//820
f 591//821 845//821 848//821
f 851//822 594//822 847//822
f 848//823 851//823 847//823
f 850//824 849//824 593//824
f 851//825 593//825 594//825
f 855//826 854//826 842//826
f 859//827 857//827 856//827
f 845//828 858//828 860//828
f 861//829 870//829 869//829
f 846//830 872//830 884//830
f 863//831 862//831 850//831
f 852//832 848//832 864//832
f 865//833 863//833 850//833
f 865//834 850//834 852//834
f 884//835 882//835 857//835
f 860//836 876//836 864//836
f 874//837 872//838 863//839
f 874//837 873//840 872//838
f 852//841 875//841 865//841
f 877//842 673//842 866//842
f 880//843 868//843 869//843
f 882//844 867//844 857//844
f 879//845 867//845 882//845
f 868//846 880//846 883//846
f 873//847 884//847 872//847
f 860//848 868//848 893//848
f 887//849 876//849 893//849
f 888//850 865//850 875//850
f 895//851 888//851 875//851
f 866//852 896//852 877//852
f 881//853 900//853 878//853
f 880//854 878//854 890//854
f 891//855 879//855 882//855
f 883//856 880//856 890//856
f 893//857 883//857 904//857
f 887//858 895//859 876//859
f 888//860 885//860 874//860
f 906//861 888//861 895//861
f 896//862 897//862 877//862
f 898//863 899//863 878//863
f 900//864 912//864 898//864
f 912//865 900//865 901//865
f 890//866 878//866 899//866
f 910//867 889//867 891//867
f 892//868 914//868 913//868
f 894//869 893//869 904//869
f 887//870 906//870 895//870
f 917//871 906//871 894//871
f 915//872 885//872 888//872
f 906//873 915//873 888//873
f 906//874 916//874 915//874
f 907//875 717//875 897//875
f 908//876 897//876 896//876
f 898//877 922//877 899//877
f 890//878 899//878 903//878
f 894//879 904//879 924//879
f 916//880 927//880 915//880
f 917//881 894//881 926//881
f 928//882 917//882 926//882
f 730//883 729//884 918//885
f 920//886 912//887 909//888
f 903//889 899//889 923//889
f 911//890 922//890 898//890
f 913//891 921//891 910//891
f 924//892 923//892 934//892
f 923//893 924//893 903//893
f 925//894 921//894 913//894
f 927//895 938//896 936//897
f 938//898 916//899 917//900
f 929//901 730//901 918//901
f 929//902 918//902 907//902
f 942//903 929//903 907//903
f 947//904 957//904 930//904
f 947//905 922//905 935//905
f 911//906 920//906 935//906
f 1020//907 935//908 920//909
f 920//910 909//910 1020//910
f 946//911 919//911 921//911
f 933//912 931//912 932//912
f 934//913 923//913 930//913
f 934//914 930//914 943//914
f 922//915 947//915 930//915
f 939//916 936//897 938//896
f 939//917 937//918 936//919
f 928//920 951//920 939//920
f 940//921 754//922 730//923
f 929//924 940//924 730//924
f 943//925 944//926 952//927
f 946//928 942//928 919//928
f 946//929 921//929 931//929
f 950//930 963//930 937//930
f 951//931 952//931 950//931
f 943//925 952//927 951//932
f 951//933 950//933 939//933
f 940//921 753//934 754//922
f 941//935 940//935 929//935
f 945//936 1021//936 972//936
f 944//937 958//937 953//937
f 957//938 954//939 958//940
f 945//941 972//941 948//941
f 946//942 955//942 942//942
f 959//943 957//943 947//943
f 962//944 961//944 937//944
f 950//945 952//945 963//945
f 963//946 952//946 973//946
f 779//947 753//947 940//947
f 964//948 793//948 780//948
f 966//949 782//949 965//949
f 968//950 975//950 793//950
f 968//951 969//951 975//951
f 966//952 965//952 972//952
f 972//953 965//953 969//953
f 956//954 953//954 971//954
f 977//955 970//955 955//955
f 960//956 978//957 955//958
f 955//958 978//957 977//959
f 974//960 979//960 961//960
f 981//961 962//961 963//961
f 774//962 779//962 976//962
f 982//963 774//963 976//963
f 975//964 794//964 793//964
f 979//965 978//965 960//965
f 980//966 986//966 979//966
f 981//967 973//968 985//969
f 974//970 981//970 980//970
f 984//971 982//971 976//971
f 985//972 983//972 989//972
f 995//973 987//974 989//975
f 977//976 990//976 984//976
f 986//977 990//977 978//977
f 996//978 981//978 987//978
f 988//979 804//979 982//979
f 988//980 993//980 805//980
f 989//981 792//981 800//981
f 990//982 988//982 982//982
f 995//983 806//983 992//983
f 989//984 806//984 995//984
f 987//985 995//985 992//985
f 991//986 990//986 986//986
f 986//987 994//987 991//987
f 1000//988 335//988 999//988
f 998//989 1002//989 629//989
f 335//990 334//990 999//990
f 997//991 1000//991 1005//991
f 1004//992 998//992 632//992
f 629//993 861//993 579//993
f 1000//994 818//994 1005//994
f 1001//995 1005//995 1006//995
f 1004//996 631//996 1001//996
f 1004//997 1002//997 998//997
f 1003//998 818//998 826//998
f 1005//999 818//999 1003//999
f 1009//1000 1007//1000 1006//1000
f 1001//1001 1006//1001 1004//1001
f 1008//1002 1002//1002 1004//1002
f 827//1003 1003//1003 826//1003
f 1009//1004 1003//1004 827//1004
f 1007//1005 1009//1005 1010//1005
f 1015//1006 1012//1006 1011//1006
f 1008//1007 1012//1007 871//1007
f 1015//1008 901//1009 902//1010
f 1013//1011 1010//1011 830//1011
f 1013//1012 1014//1012 1016//1012
f 901//1013 1016//1013 909//1013
f 1016//1014 1017//1014 909//1014
f 1014//1015 835//1015 838//1015
f 1017//1016 1016//1016 1014//1016
f 909//1017 1017//1017 1019//1017
f 1019//1018 1017//1018 1018//1018
f 909//1019 1019//1019 1020//1019
f 1018//1020 840//1020 841//1020
f 1019//1021 1018//1021 945//1021
f 1018//1022 841//1022 966//1022
f 1//1023 6//1023 2//1023
f 3//1024 12//1024 1//1024
f 5//1025 4//1025 17//1025
f 10//1026 11//1026 4//1026
f 12//1027 4//1027 5//1027
f 2//1028 7//1028 8//1028
f 18//1029 2//1029 8//1029
f 10//1030 20//1030 11//1030
f 2//1031 13//1031 14//1031
f 19//1032 13//1032 2//1032
f 17//1033 4//1033 22//1033
f 15//1034 6//1034 5//1034
f 24//1035 8//1035 16//1035
f 18//1036 343//1037 19//1038
f 30//1039 343//1037 18//1036
f 15//1040 23//1040 31//1040
f 32//1041 9//1041 31//1041
f 5//1042 23//1042 15//1042
f 17//1043 23//1043 5//1043
f 16//1044 32//1044 21//1044
f 24//1045 16//1045 33//1045
f 33//1046 16//1046 21//1046
f 26//1047 22//1047 11//1047
f 29//1048 18//1048 24//1048
f 26//1049 28//1049 34//1049
f 35//1050 24//1050 25//1050
f 35//1051 29//1051 24//1051
f 28//1052 11//1052 27//1052
f 27//1053 350//1053 40//1053
f 36//1054 23//1054 43//1054
f 31//1055 36//1055 37//1055
f 37//1056 32//1056 31//1056
f 39//1057 21//1057 32//1057
f 39//1058 32//1058 38//1058
f 33//1059 21//1059 39//1059
f 350//1060 364//1060 47//1060
f 30//1061 29//1061 41//1061
f 51//1062 43//1062 42//1062
f 37//1063 36//1063 55//1063
f 42//1064 34//1064 57//1064
f 25//1065 33//1065 39//1065
f 44//1066 25//1066 58//1066
f 46//1067 44//1067 60//1067
f 61//1068 46//1068 60//1068
f 40//1069 47//1069 45//1069
f 46//1070 29//1070 35//1070
f 41//1071 29//1071 46//1071
f 49//1072 61//1072 48//1072
f 364//1073 65//1073 47//1073
f 57//1074 52//1074 51//1074
f 50//1075 51//1075 52//1075
f 69//1076 38//1076 54//1076
f 42//1077 57//1077 51//1077
f 56//1078 52//1078 57//1078
f 45//1079 79//1079 56//1079
f 60//1080 59//1080 71//1080
f 60//1081 44//1081 59//1081
f 60//1082 71//1082 73//1082
f 62//1083 73//1083 75//1083
f 62//1084 61//1084 73//1084
f 64//1085 62//1085 78//1085
f 63//1086 79//1086 47//1086
f 81//1087 64//1087 78//1087
f 48//1088 62//1088 64//1088
f 54//1089 66//1089 84//1089
f 54//1090 84//1090 86//1090
f 56//1091 68//1091 52//1091
f 90//59 59//1092 76//60
f 71//1093 59//1093 90//1093
f 73//1094 71//1094 74//1094
f 72//1095 74//1095 71//1095
f 73//1096 74//1096 75//1096
f 77//1097 76//1097 69//1097
f 77//1098 70//1098 76//1098
f 78//1099 75//1099 91//1099
f 79//1100 68//1100 56//1100
f 93//1101 82//1101 81//1101
f 83//1102 66//1102 67//1102
f 85//1103 50//1103 52//1103
f 68//1104 85//1104 52//1104
f 87//1105 72//1105 90//1105
f 120//1106 89//1106 86//1106
f 75//1107 74//1107 102//1107
f 103//1108 88//1108 68//1108
f 93//1109 81//1109 92//1109
f 108//1110 80//1110 63//1110
f 392//1111 82//1111 93//1111
f 392//1112 93//1112 95//1112
f 110//1113 83//1113 109//1113
f 97//1114 83//1114 110//1114
f 434//1115 458//1115 423//1115 433//1115
f 111//1116 96//1116 85//1116
f 66//1117 97//1117 84//1117
f 99//1118 87//1118 101//1118
f 86//90 113//92 98//1119
f 87//1120 104//1120 101//1120
f 102//1121 100//1121 116//1121
f 118//1122 88//1122 103//1122
f 104//1123 89//1123 120//1123
f 121//1124 91//1124 102//1124
f 92//1125 91//1125 105//1125
f 106//1126 92//1126 105//1126
f 80//100 124//100 94//1127
f 118//1128 111//1128 88//1128
f 118//1129 112//1129 111//1129
f 120//1130 86//1130 98//1130
f 114//1131 98//1131 113//1131
f 119//1132 120//1132 98//1132
f 101//1133 104//1133 128//1133
f 120//1134 128//1134 104//1134
f 122//1135 121//1135 116//1135
f 131//1136 105//1136 122//1136
f 94//1137 118//1137 103//1137
f 106//1138 105//1138 131//1138
f 123//1139 106//1139 132//1139
f 137//1140 110//1140 109//1140
f 114//1141 97//1141 125//1141
f 96//1142 126//1142 137//1142
f 117//1143 99//1143 127//1143
f 114//1144 145//1144 98//1144
f 132//1145 106//1145 131//1145
f 133//1146 130//1146 118//1146
f 124//1147 133//1147 94//1147
f 136//1148 110//1148 137//1148
f 145//1149 114//1149 125//1149
f 115//1150 127//1150 99//1150
f 119//1151 139//1151 146//1151
f 129//1152 117//1152 127//1152
f 151//1153 129//1153 127//1153
f 122//1154 129//1154 152//1154
f 118//1155 130//1155 154//1155
f 153//128 131//127 122//1156
f 132//1157 140//1157 141//1157
f 141//1158 134//1158 132//1158
f 124//1159 156//1159 133//1159
f 126//1160 149//1160 143//1160
f 143//1161 136//1161 137//1161
f 144//1162 125//1162 136//1162
f 145//1163 125//1163 144//1163
f 145//1164 159//149 139//148
f 144//1165 159//1165 145//1165
f 154//1166 161//1166 112//1166
f 138//1167 148//1167 150//1167
f 162//1168 151//1168 138//1168
f 154//1169 165//1169 161//1169
f 155//1170 141//1170 140//1170
f 142//1171 141//1171 166//1171
f 142//1172 134//1172 141//1172
f 158//156 159//1173 168//157
f 169//1174 159//1174 144//1174
f 169//1175 168//1175 159//1175
f 160//1176 147//1176 157//1176
f 148//1177 147//1177 160//1177
f 165//1178 175//1178 161//1178
f 163//1179 151//1179 162//1179
f 164//1180 152//1180 151//1180
f 164//1181 151//1181 176//1181
f 180//1182 155//1182 164//1182
f 180//1183 141//1183 155//1183
f 166//1184 180//1184 183//1184
f 130//1185 133//1185 165//1185
f 156//1186 167//1186 133//1186
f 169//1187 199//1187 168//1187
f 157//146 158//145 170//1188
f 160//1189 157//1189 186//1189
f 200//1190 149//1190 173//1190
f 200//1191 174//1191 149//1191
f 172//1192 188//1192 150//1192
f 161//1193 175//1193 173//1193
f 162//1194 150//1194 188//1194
f 189//1195 163//1195 188//1195
f 163//1196 176//1196 151//1196
f 177//1197 176//1197 163//1197
f 177//1198 164//1198 176//1198
f 179//1199 180//1199 164//1199
f 179//1200 164//1200 178//1200
f 180//1201 181//1201 183//1201
f 165//1202 182//1202 175//1202
f 165//1203 167//1203 184//1203
f 167//1204 194//1204 184//1204
f 185//1205 170//1205 168//1205
f 171//1206 170//1206 185//1206
f 187//1207 174//1207 200//1207
f 187//1208 169//1208 174//1208
f 187//1209 199//1209 169//1209
f 186//1210 172//1210 160//1210
f 177//1211 189//1211 190//1211
f 182//1212 193//1212 191//1212
f 165//1213 184//1213 182//1213
f 184//1214 193//1214 182//1214
f 194//1215 195//1215 184//1215
f 197//1216 171//1216 185//1216
f 198//1217 171//1217 197//1217
f 198//1218 186//1218 171//1218
f 200//1219 212//1219 226//1219
f 202//1220 188//1220 201//1220
f 189//1221 202//1221 190//1221
f 214//1222 190//1222 202//1222
f 181//1223 179//1223 205//1223
f 204//1224 181//1224 205//1224
f 191//1225 212//1225 200//1225
f 193//1226 212//1226 191//1226
f 206//1227 192//1227 181//1227
f 184//1228 208//1228 193//1228
f 208//1229 207//1229 193//1229
f 209//1230 208//1230 195//1230
f 218//212 198//211 197//1231
f 219//176 187//178 211//1232
f 235//1233 221//1233 210//1233
f 221//1234 201//1234 210//1234
f 214//1235 203//1235 190//1235
f 228//1236 205//1236 203//1236
f 207//1237 224//1237 212//1237
f 232//1238 206//1238 204//1238
f 208//1239 217//1239 207//1239
f 216//209 208//208 209//1240
f 211//1241 226//1241 225//1241
f 201//1242 221//1242 222//1242
f 224//1243 226//1243 212//1243
f 238//1244 213//1244 236//1244
f 227//1245 213//1245 238//1245
f 215//1246 230//1246 228//1246
f 231//1247 232//1247 204//1247
f 231//1248 204//1248 228//1248
f 233//1249 231//1249 243//1249
f 213//1250 227//1250 215//1250
f 244//1251 215//1251 227//1251
f 218//1252 246//1252 247//1252
f 237//1253 246//1253 220//1253
f 223//1254 235//1254 248//1254
f 211//1255 225//1255 237//1255
f 223//1256 221//1256 235//1256
f 238//1257 236//1257 250//1257
f 236//1258 213//1258 223//1258
f 241//1259 227//1259 238//1259
f 229//1260 241//1260 243//1260
f 242//1261 243//1261 241//1261
f 244//1262 230//1262 215//1262
f 244//1263 241//1263 230//1263
f 229//1264 230//1264 241//1264
f 256//1265 240//1265 224//1265
f 217//1266 256//1266 224//1266
f 259//1267 247//1267 245//1267
f 249//1268 248//1268 259//1268
f 250//1269 248//1269 262//1269
f 237//1270 251//1270 246//1270
f 250//1271 223//1271 248//1271
f 238//1272 250//1272 264//1272
f 264//1273 254//1273 238//1273
f 267//1274 239//1274 255//1274
f 240//1275 252//1275 225//1275
f 240//1276 253//1276 252//1276
f 240//1277 268//1277 253//1277
f 265//1278 242//1278 241//1278
f 257//1279 269//1279 256//1279
f 246//1280 258//1280 247//1280
f 260//1281 249//1281 259//1281
f 246//1282 251//1282 261//1282
f 251//1283 263//1283 274//1283
f 264//1284 250//1284 262//1284
f 264//1285 262//1285 277//1285
f 252//1286 263//1286 251//1286
f 278//1287 239//1287 267//1287
f 264//1288 265//1288 254//1288
f 265//1289 267//1289 242//1289
f 278//1290 267//1290 280//1290
f 257//1291 283//1291 269//1291
f 271//1292 270//1292 284//1292
f 272//1293 273//1293 260//1293
f 276//1294 261//1294 274//1294
f 262//1295 249//1295 273//1295
f 262//1296 273//1296 277//1296
f 274//1297 263//1297 275//1297
f 286//1298 275//1298 263//1298
f 263//1299 266//1299 286//1299
f 280//1300 267//1300 265//1300
f 269//1301 281//1301 268//1301
f 282//1302 281//1302 269//1302
f 635//1303 285//1303 284//1303
f 260//1304 271//1304 284//1304
f 285//1305 260//1305 284//1305
f 276//1306 275//1306 639//1306
f 637//1307 287//1307 277//1307
f 279//1308 277//1308 287//1308
f 289//1309 286//1309 266//1309
f 280//1310 279//1310 290//1310
f 281//1311 291//1311 289//1311
f 291//1312 281//1312 282//1312
f 123//1313 93//1313 106//1313
f 293//1314 95//1314 107//1314
f 107//1315 123//1315 293//1315
f 292//1316 293//1316 123//1316
f 123//1317 132//1317 134//1317
f 292//1318 123//1318 134//1318
f 142//1319 292//1319 134//1319
f 296//1320 166//1320 299//1320
f 297//1321 296//1321 300//1321
f 299//1322 183//1322 192//1322
f 183//1323 181//1323 192//1323
f 303//1324 296//1324 302//1324
f 300//1325 296//1325 303//1325
f 301//1326 300//1326 305//1326
f 192//1327 206//1327 304//1327
f 304//1328 302//1328 192//1328
f 306//1329 305//1329 303//1329
f 309//1330 305//1330 306//1330
f 232//1331 304//1331 206//1331
f 306//1332 304//1332 307//1332
f 312//1333 306//1333 308//1333
f 310//1334 314//1334 315//1334
f 310//1335 307//1335 232//1335
f 307//1336 310//1336 308//1336
f 308//1337 310//1337 315//1337
f 311//1338 308//1338 315//1338
f 316//1339 312//1339 311//1339
f 313//1340 312//1340 316//1340
f 314//1341 233//1341 239//1341
f 318//1342 315//1342 314//1342
f 320//1343 315//1343 319//1343
f 323//1344 316//302 320//301
f 313//1345 316//1345 317//1345
f 321//1346 317//1346 316//1346
f 318//1347 326//1347 319//1347
f 320//1348 319//1348 328//1348
f 316//1349 323//1349 321//1349
f 326//1350 239//1350 278//1350
f 318//1351 239//1351 326//1351
f 319//1352 326//1352 327//1352
f 323//1353 320//1353 328//1353
f 323//1354 328//1354 329//1354
f 321//1355 323//1355 324//1355
f 325//1356 321//1356 324//1356
f 322//1357 317//1357 321//1357
f 327//1358 326//1358 331//1358
f 328//1359 319//1359 327//1359
f 325//1360 324//1360 333//1360
f 330//1361 322//1361 325//1361
f 808//1362 326//1362 645//1362
f 329//1363 328//1363 332//1363
f 335//1364 325//1364 334//1364
f 336//1365 3//1365 1//1365
f 13//1366 337//1366 14//1366
f 339//1367 20//1367 3//1367
f 338//1368 340//1368 336//1368
f 341//1369 340//1369 338//1369
f 341//1370 339//1370 340//1370
f 348//1371 342//1371 337//1371
f 345//1372 351//1372 20//1372
f 346//1373 343//1373 344//1373
f 339//1374 347//1374 345//1374
f 341//1375 347//1375 339//1375
f 346//1376 348//1376 337//1376
f 348//1377 346//1377 352//1377
f 352//1378 346//1378 344//1378
f 342//1379 349//1379 338//1379
f 349//1380 342//1380 348//1380
f 20//1381 350//1381 27//1381
f 351//1382 358//1382 350//1382
f 341//1383 354//1383 347//1383
f 349//1384 353//1384 341//1384
f 353//1385 354//1385 341//1385
f 348//1386 363//1386 355//1386
f 348//1387 352//1388 361//1389
f 356//1390 362//1390 353//1390
f 353//1391 349//1391 355//1391
f 356//1392 353//1392 355//1392
f 357//1393 344//1393 30//1393
f 359//1394 352//1394 344//1394
f 359//1395 344//1395 357//1395
f 363//1396 348//1387 361//1389
f 362//1397 354//1397 353//1397
f 363//1398 356//1398 355//1398
f 359//1399 357//1399 370//1399
f 358//1400 369//1400 364//1400
f 360//1401 371//1401 358//1401
f 365//1402 360//1402 354//1402
f 356//1403 367//1403 362//1403
f 362//1404 365//1404 354//1404
f 366//1405 367//1405 356//1405
f 363//1406 378//1406 356//1406
f 356//1407 378//1407 366//1407
f 368//1408 41//1408 49//1408
f 370//1409 357//1409 41//1409
f 48//1410 368//1410 49//1410
f 385//1411 372//1411 370//1411
f 372//1412 376//1412 375//1412
f 382//1413 371//1413 374//1413
f 367//1414 389//1414 362//1414
f 65//1415 379//1415 63//1415
f 380//1416 64//1416 82//1416
f 384//1417 48//1417 380//1417
f 380//1418 391//1418 381//1418
f 371//1419 383//1419 369//1419
f 382//1420 383//1420 371//1420
f 383//1421 393//1421 379//1421
f 373//1422 368//1422 48//1422
f 48//1423 384//1423 373//1423
f 381//1424 384//1424 380//1424
f 395//1425 383//1425 382//1425
f 374//1426 386//1426 382//1426
f 365//1427 386//1427 374//1427
f 378//1428 376//1428 396//1428
f 373//1429 399//1429 387//1429
f 386//1430 395//1430 382//1430
f 377//1431 365//1431 388//1431
f 388//1432 390//1432 377//1432
f 391//1433 380//1433 82//1433
f 379//1434 393//1434 63//1434
f 394//1435 381//1435 391//1435
f 391//1436 392//1436 394//1436
f 366//1437 401//1437 389//1437
f 396//1438 401//368 378//370
f 387//1439 398//1439 376//1439
f 400//1440 399//1440 381//1440
f 400//1441 381//1441 394//1441
f 429//1442 389//1442 401//1442
f 412//1443 429//1443 401//1443
f 402//1444 398//1444 387//1444
f 399//1445 403//1445 387//1445
f 404//1446 405//1446 395//1446
f 395//1447 405//1447 411//1447
f 404//1448 386//1448 377//1448
f 406//1449 404//1449 377//1449
f 390//1450 388//1450 389//1450
f 390//1451 406//1451 377//1451
f 389//1452 429//1452 390//1452
f 414//1453 402//1453 387//1453
f 407//1454 408//1454 393//1454
f 418//378 108//1455 393//379
f 394//1456 392//1456 419//1456
f 419//1457 392//1457 95//1457
f 412//1458 401//1458 409//1458
f 397//1459 413//1459 409//1459
f 402//1460 397//1460 398//1460
f 402//1461 413//1461 397//1461
f 399//1462 400//1462 427//1462
f 403//1463 415//1463 414//1463
f 406//1464 416//1464 404//1464
f 417//1465 390//1465 429//1465
f 390//1466 417//1466 406//1466
f 432//1467 410//1467 419//1467
f 420//1468 408//1468 407//1468
f 412//1469 409//1469 421//1469
f 412//1470 421//1470 423//1470
f 413//1471 421//1471 409//1471
f 405//1472 422//1472 411//1472
f 423//1473 421//1473 433//1473
f 424//1474 402//1474 425//1474
f 439//1475 414//1475 415//1475
f 403//1476 427//1476 415//1476
f 427//1477 426//1477 415//1477
f 428//1478 416//1478 406//1478
f 417//1479 430//1479 431//1479
f 417//1480 429//1480 430//1480
f 439//1481 425//1481 414//1481
f 406//1482 431//1482 428//1482
f 418//1483 135//1483 108//1483
f 435//1484 410//1484 432//1484
f 420//1485 450//1485 441//1485
f 434//1486 433//1486 413//1486 443//1486
f 426//1487 439//1487 415//1487
f 430//1488 447//1488 431//1488
f 440//1489 438//1489 431//1489
f 418//1490 460//1490 135//1490
f 418//1491 441//1491 460//1491
f 422//1492 442//1492 450//1492
f 511//1493 526//1493 530//1493 519//1493
f 443//1494 454//1494 434//1494
f 444//1495 439//1496 426//1497
f 444//1498 426//1498 437//1498
f 428//1499 445//1499 422//1499
f 425//1500 446//1500 424//1500
f 455//1501 424//1501 446//1501
f 439//1502 446//1502 425//1502
f 460//1503 156//1503 135//1503
f 596//1504 449//1504 432//1504
f 441//1505 450//1505 448//1505
f 442//1506 448//1506 450//1506
f 444//1507 435//1507 451//1507
f 451//1508 435//1508 449//1508
f 455//1509 454//1509 424//1509
f 455//1510 464//1510 454//1510
f 439//1496 444//1495 456//1511
f 445//1512 442//1512 422//1512
f 482//1513 459//1513 458//1513
f 440//1514 457//1514 438//1514
f 440//1515 481//1515 457//1515
f 459//1516 481//1516 440//1516
f 459//1517 447//1517 458//1517
f 461//1518 449//1518 596//1518
f 491//1519 462//1519 461//1519
f 442//1520 471//1520 448//1520
f 464//1521 479//1521 480//1521
f 464//1522 465//1522 479//1522
f 467//1523 456//1523 444//1523
f 456//1524 467//1524 465//1524
f 467//1525 444//1525 451//1525
f 457//1526 481//1526 468//1526
f 459//1527 482//1527 481//1527
f 482//1528 458//1528 452//1528
f 452//1529 469//1529 482//1529
f 469//1530 452//1531 453//1532
f 483//1533 454//1533 464//1533
f 460//1534 470//1534 156//1534
f 470//1535 167//1535 156//1535
f 460//1536 448//1536 470//1536
f 448//1537 486//1537 470//1537
f 462//1538 491//1538 494//1538
f 473//1539 472//1539 474//1539
f 472//1540 494//1540 474//1540
f 442//1541 475//1541 471//1541
f 471//1542 475//1542 487//1542
f 467//1543 451//1544 472//1545
f 473//1546 467//1543 472//1545
f 463//1547 478//1547 475//1547
f 466//1548 479//1548 465//1548
f 479//1549 466//1549 476//1549
f 453//1532 485//1550 469//1530
f 484//1551 483//1551 464//1551
f 484//1552 464//1552 480//1552
f 194//1553 167//1553 470//1553
f 490//1554 489//1554 477//1554
f 494//1555 491//1555 492//1555
f 475//1556 478//1556 487//1556
f 477//1557 488//1557 476//1557
f 466//1558 477//1558 476//1558
f 501//1559 490//1559 477//1559
f 478//1560 468//1560 500//1560
f 493//1561 480//1561 476//1561
f 482//1562 496//1562 495//1562
f 508//1563 497//1564 469//1565
f 497//1566 496//1566 482//1566
f 485//1567 508//1563 469//1565
f 498//1568 195//1568 194//1568
f 492//1569 503//1569 494//1569
f 492//1570 512//1570 503//1570
f 478//1571 500//1571 499//1571
f 501//1572 513//1572 490//1572
f 494//1573 503//1573 502//1573
f 480//1574 506//464 484//466
f 493//1575 506//1575 480//1575
f 508//1576 509//1576 507//1576
f 498//1577 209//1577 195//1577
f 498//1578 510//1578 209//1578
f 510//1579 216//1579 209//1579
f 499//1580 518//1580 510//1580
f 503//1581 521//1582 502//1583
f 500//1584 525//1584 499//1584
f 525//1585 518//1585 499//1585
f 490//1586 511//1586 489//1586
f 519//1587 489//1587 511//1587
f 490//1588 513//1588 511//1588
f 514//1589 513//1589 501//1589
f 501//1590 502//1590 514//1590
f 500//1591 515//1591 525//1591
f 493//1592 519//1592 506//1592
f 505//1593 524//1593 509//1593
f 509//1594 517//1594 507//1594
f 524//1595 517//1595 509//1595
f 510//1596 518//1596 216//1596
f 521//1597 503//1597 512//1597
f 514//1598 520//1598 513//1598
f 514//1599 522//1599 520//1599
f 521//1582 522//1600 502//1583
f 523//1601 515//1601 504//1601
f 515//1602 523//1602 531//1602
f 505//1603 506//1603 524//1603
f 536//1604 524//1604 506//1604
f 504//1605 516//1605 523//1605
f 643//1606 289//1606 646//1606 656//1606
f 526//1607 532//1607 530//1607
f 543//1608 526//1609 527//1610
f 548//1611 526//1609 543//1608
f 522//1612 521//1612 541//1612
f 610//1613 528//1613 521//1613
f 530//1614 532//1614 519//1614
f 548//1615 532//1615 526//1615
f 523//1616 516//1616 533//1616
f 516//1617 534//1617 533//1617
f 535//1618 549//1618 524//1618
f 217//1619 537//1619 256//1619
f 518//1620 538//1620 537//1620
f 541//1621 539//1621 527//1621
f 542//1622 540//1622 539//1622
f 543//1623 527//495 540//497
f 542//1624 539//1624 541//1624
f 544//1625 542//1625 541//1625
f 528//1626 544//1626 541//1626
f 531//1627 546//1627 525//1627
f 525//1628 546//1628 538//1628
f 533//1629 547//1629 546//1629
f 548//1630 552//1630 532//1630
f 549//1631 562//1631 534//1631
f 536//1632 551//1632 535//1632
f 563//1633 549//1633 535//1633
f 563//1634 550//1634 549//1634
f 537//1635 553//1635 257//1635
f 554//1636 553//1636 538//1636
f 542//1637 555//1637 540//1637
f 546//1638 557//1638 538//1638
f 543//1639 555//1639 558//1639
f 556//1640 555//1640 542//1640
f 559//1641 556//1641 542//1641
f 570//1642 559//1642 545//1642
f 560//1643 557//1643 547//1643
f 562//1644 560//1644 547//1644
f 562//1645 547//1645 534//1645
f 552//1646 548//1646 561//1646
f 563//1647 535//1647 551//1647
f 563//518 564//517 550//1648
f 566//1291 283//1291 257//1291
f 553//1649 566//1649 257//1649
f 554//1650 567//1650 553//1650
f 557//1651 568//1651 554//1651
f 568//1652 567//1652 554//1652
f 556//1653 569//1653 555//1653
f 559//1654 577//1654 556//1654
f 560//1655 578//1655 557//1655
f 557//1656 578//1656 568//1656
f 561//1657 558//1657 571//1657
f 562//1658 573//1658 560//1658
f 564//1659 573//1659 550//1659
f 575//1660 572//1660 581//1660
f 567//1661 585//1661 566//1661
f 576//1662 567//1662 568//1662
f 578//1663 576//1664 568//1665
f 556//1666 587//1666 569//1666
f 586//1667 576//1664 578//1663
f 569//1668 844//1668 571//1668
f 570//1669 579//1669 577//1669
f 844//1670 572//1670 571//1670
f 565//1671 584//1671 583//1671
f 566//1672 585//1672 283//1672
f 843//1673 588//1673 587//1673
f 577//1674 589//1674 556//1674
f 579//1675 589//1675 577//1675
f 590//1676 586//1676 580//1676
f 582//1677 849//1677 592//1677
f 593//1678 849//1678 582//1678
f 847//1679 594//1679 584//1679
f 581//1680 847//1680 584//1680
f 419//1681 95//1681 595//1681
f 595//1682 95//1682 294//1682
f 294//1683 95//1683 293//1683
f 596//1684 595//1684 294//1684
f 596//1685 294//1685 292//1685
f 598//1686 597//1686 295//1686
f 295//1687 298//1687 598//1687
f 597//1688 598//1688 599//1688
f 461//1689 597//1689 599//1689
f 599//1690 598//1690 601//1690
f 603//1691 600//1691 301//1691
f 601//1692 604//1692 602//1692
f 601//1693 600//1693 604//1693
f 606//1694 602//1694 604//1694
f 605//1695 606//1695 604//1695
f 602//1696 606//1696 492//1696
f 607//1697 605//1697 305//1697
f 606//1698 512//1698 492//1698
f 607//1699 305//1699 309//1699
f 607//1700 309//1700 312//1700
f 612//1701 607//1701 312//1701
f 609//1702 607//1702 612//1702
f 609//1703 608//1703 607//1703
f 610//1704 606//1704 608//1704
f 512//1705 606//1705 610//1705
f 612//1706 614//1706 613//1706
f 611//1707 529//1707 610//1707
f 617//1708 529//1708 611//1708
f 317//1709 614//1709 313//1709
f 613//1710 614//1710 615//1710
f 615//1711 614//1711 619//1711
f 613//1712 616//1712 618//1712
f 621//1713 616//581 615//580
f 529//1714 617//1714 545//1714
f 618//1715 617//1715 611//1715
f 619//1716 317//1717 322//1718
f 622//1719 619//1716 322//1718
f 620//1720 619//1720 622//1720
f 615//1721 619//1721 620//1721
f 621//1722 615//1722 620//1722
f 545//1723 626//1723 570//1723
f 628//1724 617//1724 618//1724
f 622//1725 322//1725 330//1725
f 620//1726 622//1726 627//1726
f 623//1727 620//1727 627//1727
f 620//1728 623//1728 621//1728
f 621//1729 623//1729 625//1729
f 628//1730 616//1730 624//1730
f 616//586 621//1731 625//587
f 617//1732 628//1732 626//1732
f 627//1733 622//1734 330//1735
f 335//1736 627//1733 330//1735
f 630//1737 626//1737 628//1737
f 626//1738 629//1738 570//1738
f 1000//1739 627//1739 335//1739
f 625//1740 623//1740 631//1740
f 632//1741 998//1741 630//1741
f 631//594 624//596 625//1742
f 630//1743 624//1743 632//1743
f 634//1744 639//1744 633//1744
f 639//1745 641//1745 633//1745
f 636//1746 285//1746 635//1746
f 636//1747 638//1747 285//1747
f 638//1748 272//1748 285//1748
f 637//1749 272//1749 638//1749
f 642//1750 637//1750 638//1750
f 286//1751 640//1752 275//1753
f 643//1754 640//1752 286//1751
f 642//1755 287//1755 637//1755
f 644//1756 287//1756 642//1756
f 644//1757 279//1757 287//1757
f 290//1758 279//1758 644//1758
f 649//1759 660//1759 633//1759
f 662//1760 636//1760 635//1760
f 662//1761 635//1761 648//1761
f 638//1762 636//1762 662//1762
f 649//1763 633//1763 641//1763
f 640//1764 666//1764 641//1764
f 642//1765 638//1765 650//1765
f 667//1766 638//1766 664//1766
f 650//1767 638//1767 667//1767
f 288//1768 652//1768 645//1768
f 652//1769 288//1769 670//1769
f 653//1770 651//1770 640//1770
f 654//1771 644//1771 650//1771
f 654//1772 650//1772 668//1772
f 643//1773 656//1773 653//1773
f 656//1774 669//1774 653//1774
f 672//1775 656//1775 657//1775
f 657//1776 656//1776 646//1776
f 853//1777 672//1777 657//1777
f 659//1778 660//1778 649//1778
f 660//1779 659//1779 661//1779
f 648//623 661//625 658//1780
f 662//1781 648//1781 663//1781
f 664//1782 662//627 665//626
f 667//1783 664//1783 665//1783
f 640//1784 651//1784 666//1784
f 668//1785 650//1785 667//1785
f 50//1786 85//1786 96//1786 109//1786
f 670//1787 655//1787 671//1787
f 670//1788 671//1788 681//1788
f 673//1789 672//1789 853//1789
f 675//1790 658//1791 661//1792
f 674//1793 675//1790 661//1792
f 675//636 663//635 658//1794
f 679//644 677//1795 659//645
f 677//641 674//1796 661//639
f 665//1797 663//1797 688//1797
f 678//1798 665//1798 688//1798
f 666//1799 659//1799 649//1799
f 669//653 680//652 651//1800
f 684//1801 672//1801 685//1801
f 674//1802 677//1802 686//1802
f 676//1803 675//1803 687//1803
f 680//1804 691//1804 698//1804
f 692//1805 681//1805 689//1805
f 682//1806 693//1806 683//1806
f 690//1807 684//1807 691//1807
f 702//1808 691//1808 684//1808
f 681//1809 692//1809 682//1809
f 692//1810 694//1810 682//1810
f 686//1811 687//1811 675//1811
f 704//1812 686//1812 696//1812
f 688//1813 676//1813 687//1813
f 708//1814 678//1815 688//1816
f 709//671 679//670 697//1817
f 710//1818 699//1818 678//1818
f 710//1819 678//1815 708//1814
f 679//1820 698//1820 697//1820
f 689//1821 699//1821 711//1821
f 714//1822 692//1822 689//1822
f 689//1823 711//1823 714//1823
f 701//1824 694//1824 700//1824
f 694//1825 692//1825 700//1825
f 703//1826 693//1826 694//1826
f 694//1827 701//1827 703//1827
f 716//1828 702//1828 695//1828
f 685//1829 877//1829 695//1829
f 717//1830 716//1830 695//1830
f 709//1831 704//1831 696//1831
f 706//1832 687//1832 705//1832
f 697//1833 718//1833 709//1833
f 714//1834 711//1834 713//1834
f 726//1835 700//1835 714//1835
f 726//1836 714//1836 713//1836
f 691//1837 725//1837 712//1837
f 703//1838 701//1838 727//1838
f 729//1839 716//1839 717//1839
f 718//1840 719//1840 704//1840
f 720//1841 706//679 707//678
f 720//1842 722//1842 708//1842
f 710//1843 708//1843 722//1843
f 712//1844 732//1844 697//1844
f 724//1845 711//1846 710//1847
f 725//1848 732//1848 712//1848
f 713//1849 711//1846 724//1845
f 739//1850 725//1850 715//1850
f 739//1851 743//1851 725//1851
f 727//1852 701//1852 726//1852
f 716//1853 728//1853 715//1853
f 723//1854 719//1854 718//1854
f 719//1855 731//1855 707//1855
f 722//1856 720//1856 721//1856
f 733//1857 719//1857 723//1857
f 731//1858 734//1858 721//1858
f 734//1859 722//1859 721//1859
f 734//1860 736//1861 724//1862
f 724//1863 722//1863 734//1863
f 726//1864 713//1864 737//1864
f 738//1865 726//1865 737//1865
f 743//1866 732//1866 725//1866
f 750//1867 726//1867 738//1867
f 750//1868 740//1868 726//1868
f 741//1869 733//1869 735//1869
f 735//1870 743//1870 755//1870
f 755//1871 741//1871 735//1871
f 748//1872 736//1861 734//1860
f 748//1873 746//1873 749//1873
f 747//1874 737//1874 736//1874
f 758//1875 750//1875 738//1875
f 759//1876 745//1876 739//1876
f 746//1877 744//1877 760//1877
f 751//1878 740//1878 752//1878
f 752//1879 740//1879 750//1879
f 759//1880 728//1880 729//1880
f 755//1881 745//1881 784//1881
f 741//1882 755//1882 766//1882
f 769//1883 744//1883 742//1883
f 758//1884 737//1884 747//1884
f 760//1885 744//1885 757//1885
f 761//1886 762//733 747//735
f 763//1887 758//1887 762//1887
f 763//1888 750//1888 758//1888
f 752//1889 763//1889 764//1889
f 776//1890 749//1890 760//1890
f 751//1891 752//1891 765//1891
f 764//1892 765//1892 752//1892
f 753//1893 779//1893 759//1893
f 765//1894 841//1894 751//1894
f 782//1895 966//1895 841//1895
f 768//1896 756//1896 767//1896
f 745//1897 770//1897 784//1897
f 771//1898 757//1898 769//1898
f 745//1899 772//1899 770//1899
f 773//1900 760//1900 757//1900
f 759//1901 774//1901 772//1901
f 790//1902 775//1902 760//1902
f 776//1903 760//1903 775//1903
f 777//747 762//746 761//1904
f 777//1905 761//1905 776//1905
f 778//1906 764//1906 762//1906
f 777//1907 794//1907 778//1907
f 778//1908 781//1908 764//1908
f 782//1909 765//1910 764//1911
f 781//1912 782//1909 764//1911
f 794//1913 965//1913 781//1913
f 783//1914 768//1914 767//1914
f 767//1915 766//1915 783//1915
f 786//1916 784//1916 785//1916
f 771//1917 769//1917 768//1917
f 798//1918 773//1918 771//1918
f 774//1919 791//1919 772//1919
f 790//1920 773//1920 789//1920
f 792//1921 780//1921 790//1921
f 793//1922 794//1922 777//1922
f 780//1923 793//1923 777//1923
f 783//1924 786//1924 796//1924
f 783//1925 797//1925 795//1925
f 795//1926 768//1926 783//1926
f 786//1927 785//1927 796//1927
f 801//1928 796//1928 785//1928
f 797//1929 783//1929 796//1929
f 798//1930 771//1930 787//1930
f 773//1931 798//1931 789//1931
f 799//1932 798//1932 787//1932
f 772//1933 791//1933 788//1933
f 792//1934 789//1934 800//1934
f 795//768 797//1935 802//769
f 799//1936 787//1936 795//1936
f 804//1937 801//1937 788//1937
f 804//1938 805//1938 801//1938
f 801//1939 805//774 796//773
f 800//1940 798//1940 799//1940
f 804//1941 791//1941 982//1941
f 807//1942 799//1942 803//1942
f 807//1943 806//1943 799//1943
f 809//1944 645//1944 652//1944
f 813//1945 332//1945 810//1945
f 816//1946 810//1946 331//1946
f 817//1947 811//1947 813//1947
f 817//1948 815//1948 811//1948
f 334//1949 815//1949 818//1949
f 812//1950 809//1950 652//1950
f 812//1951 816//1951 809//1951
f 819//1952 814//1952 816//1952
f 815//1953 817//1953 821//1953
f 826//1954 818//1954 815//1954
f 683//1955 812//1955 652//1955
f 819//1956 816//1956 812//1956
f 820//1957 813//1957 814//1957
f 819//1958 820//1959 814//1960
f 824//1961 813//1961 820//1961
f 822//1962 819//1962 683//1962
f 823//1963 819//1963 822//1963
f 823//1964 820//1959 819//1958
f 825//798 824//1965 820//799
f 827//1966 826//1966 825//1966
f 693//793 828//795 822//1967
f 834//1968 829//803 823//802
f 831//1969 834//1969 823//1969
f 830//1970 827//1970 825//1970
f 703//1971 727//1971 832//1971
f 832//1972 831//1972 703//1972
f 835//1973 834//1973 833//1973
f 836//1974 830//1974 829//1974
f 832//1975 727//1975 740//1975
f 835//1976 833//1976 838//1976
f 840//1977 838//1977 837//1977
f 840//1978 837//1978 839//1978
f 839//1979 751//1979 841//1979
f 576//1980 854//1980 585//1980
f 576//1981 842//1981 854//1981
f 858//1982 845//1982 588//1982
f 586//1983 590//1983 842//1983
f 845//1984 591//1984 844//1984
f 592//1985 846//1985 590//1985
f 591//1986 848//1986 847//1986
f 592//1987 862//1987 846//1987
f 592//1988 849//1988 862//1988
f 850//1989 862//1989 849//1989
f 851//1990 850//1990 593//1990
f 852//1991 851//1991 848//1991
f 647//621 853//1992 657//619
f 647//1993 855//1993 853//1993
f 854//1994 855//1994 647//1994
f 856//1995 855//1995 842//1995
f 856//1996 867//1996 855//1996
f 856//1997 857//1997 867//1997
f 588//1998 843//1998 858//1998
f 861//1999 869//1999 843//1999
f 590//2000 856//2001 842//2002
f 590//2000 859//2003 856//2001
f 860//2004 858//2004 868//2004
f 579//2005 861//2005 589//2005
f 846//2006 859//2006 590//2006
f 884//2007 859//2007 846//2007
f 860//2008 848//2008 845//2008
f 864//2009 848//2009 860//2009
f 862//2010 872//2010 846//2010
f 851//2011 852//2011 850//2011
f 863//2012 872//2012 862//2012
f 855//2013 866//2013 853//2013
f 866//2014 673//2014 853//2014
f 867//2015 866//2015 855//2015
f 869//2016 868//2016 858//2016
f 843//2017 869//2017 858//2017
f 870//2018 880//2018 869//2018
f 861//2019 871//2019 870//2019
f 884//2020 857//2020 859//2020
f 865//2021 874//2021 863//2021
f 864//2022 876//2023 852//2024
f 876//2023 875//2025 852//2024
f 877//2026 685//2026 673//2026
f 867//2027 879//2027 866//2027
f 880//2028 870//2028 881//2028
f 870//2029 871//2029 881//2029
f 884//2030 892//2030 882//2030
f 876//2031 860//2031 893//2031
f 873//2032 892//2032 884//2032
f 874//2033 886//2034 873//2035
f 876//859 895//859 875//2036
f 865//2037 888//2037 874//2037
f 879//2038 896//2038 866//2038
f 889//2039 896//2039 879//2039
f 878//2040 880//2040 881//2040
f 871//2041 902//2041 881//2041
f 891//2042 889//2042 879//2042
f 892//2043 891//2043 882//2043
f 893//2044 868//2044 883//2044
f 873//2045 886//2045 892//2045
f 905//2046 892//2046 886//2046
f 874//2033 885//2047 886//2034
f 887//2048 893//2048 894//2048
f 877//2049 897//2049 717//2049
f 902//2050 901//2050 900//2050
f 878//2051 900//2051 898//2051
f 902//2052 900//2052 881//2052
f 903//2053 883//2053 890//2053
f 924//2054 883//2054 903//2054
f 891//2055 892//2055 913//2055
f 924//2056 904//2056 883//2056
f 905//2057 914//2057 892//2057
f 915//2058 905//2058 886//2058
f 906//2059 887//2059 894//2059
f 885//2060 915//2060 886//2060
f 907//2061 918//2061 717//2061
f 912//2062 901//2062 909//2062
f 889//2063 908//2063 896//2063
f 889//2064 910//2064 908//2064
f 910//2065 919//2065 908//2065
f 912//2066 911//2066 898//2066
f 920//886 911//2067 912//887
f 913//2068 910//2068 891//2068
f 926//2069 894//2069 924//2069
f 905//2070 915//2070 914//2070
f 915//2071 927//2071 914//2071
f 906//2072 917//2072 916//2072
f 918//885 729//884 717//2073
f 908//2074 907//2074 897//2074
f 942//2075 907//2075 908//2075
f 919//2076 942//2076 908//2076
f 911//2077 935//2077 922//2077
f 910//2078 921//2078 919//2078
f 899//2079 922//2079 923//2079
f 925//2080 932//2080 921//2080
f 926//2081 924//2081 934//2081
f 913//2082 914//2082 925//2082
f 927//2083 925//2083 914//2083
f 916//2084 938//2084 927//2084
f 928//2085 938//898 917//900
f 949//2086 935//908 1020//907
f 932//2087 931//2087 921//2087
f 951//2088 934//2088 943//2088
f 922//2089 930//2089 923//2089
f 936//2090 937//2090 932//2090
f 927//2091 936//2091 925//2091
f 932//2092 925//2092 936//2092
f 928//2093 939//2093 938//2093
f 928//2094 926//2095 934//2096
f 951//2097 928//2094 934//2096
f 942//2098 941//2098 929//2098
f 942//2099 955//2099 941//2099
f 949//2100 1020//2100 945//2100
f 957//2101 943//2101 930//2101
f 958//2102 944//2102 943//2102
f 943//2103 957//2103 958//2103
f 947//2104 948//2104 959//2104
f 935//2105 949//2105 947//2105
f 948//2106 947//2106 949//2106
f 937//2107 933//2107 932//2107
f 937//2108 961//2108 933//2108
f 937//918 939//917 950//2109
f 972//2110 1021//2110 966//2110
f 953//2111 954//2111 967//2111
f 958//2112 954//2112 953//2112
f 956//2113 952//2113 944//2113
f 953//2114 956//2114 944//2114
f 957//938 959//2115 954//939
f 948//2116 969//2116 959//2116
f 948//2117 949//2117 945//2117
f 973//2118 952//2118 956//2118
f 931//2119 960//2119 946//2119
f 933//2120 961//2120 931//2120
f 961//2121 960//2121 931//2121
f 962//2122 937//2122 963//2122
f 940//2123 976//2123 779//2123
f 953//2124 967//2124 964//2124
f 971//2125 953//2125 964//2125
f 792//2126 971//2126 964//2126
f 968//2127 793//2127 964//2127
f 975//2128 969//2128 965//2128
f 941//2129 976//2129 940//2129
f 970//2130 976//2130 941//2130
f 954//2131 964//2132 967//2133
f 954//2131 968//2134 964//2132
f 954//2135 969//2135 968//2135
f 972//2136 969//2136 948//2136
f 955//2137 970//2137 941//2137
f 973//2138 956//2138 971//2138
f 969//2139 954//2139 959//2139
f 946//2140 960//2140 955//2140
f 961//2141 979//2141 960//2141
f 962//2142 974//2142 961//2142
f 963//2143 973//2143 981//2143
f 964//2144 780//2144 792//2144
f 794//2145 975//2145 965//2145
f 983//2146 971//2146 792//2146
f 985//2147 973//2147 971//2147
f 985//2148 971//2148 983//2148
f 981//967 985//969 987//2149
f 981//2150 974//2150 962//2150
f 974//2151 980//2151 979//2151
f 989//2152 983//2152 792//2152
f 987//974 985//2153 989//975
f 977//2154 976//2154 970//2154
f 977//2155 984//2155 976//2155
f 978//2156 990//2156 977//2156
f 986//2157 980//2157 994//2157
f 979//2158 986//2158 978//2158
f 980//2159 981//2159 996//2159
f 980//2160 996//2160 994//2160
f 988//2161 805//2161 804//2161
f 806//2162 989//2162 800//2162
f 990//2163 982//2163 984//2163
f 988//2164 991//2164 993//2164
f 992//2165 806//2165 807//2165
f 990//2166 991//2166 988//2166
f 994//2167 992//2167 993//2167
f 994//2168 993//2168 991//2168
f 992//2169 996//2169 987//2169
f 996//2170 992//2170 994//2170
f 993//2171 992//2171 807//2171
f 993//2172 807//2172 805//2172
f 818//2173 999//2173 334//2173
f 818//2174 1000//2174 999//2174
f 997//2175 1005//2175 1001//2175
f 631//2176 997//2176 1001//2176
f 629//2177 1002//2177 861//2177
f 632//2178 631//2178 1004//2178
f 1002//2179 871//2179 861//2179
f 1005//2180 1003//2180 1009//2180
f 1009//2181 1006//2181 1005//2181
f 1007//2182 1008//2182 1004//2182
f 1011//2183 1008//2183 1007//2183
f 1007//2184 1004//2184 1006//2184
f 1008//2185 871//2185 1002//2185
f 1009//2186 827//2186 830//2186
f 1011//2187 1012//2187 1008//2187
f 1012//2188 902//2188 871//2188
f 1010//2189 1009//2189 830//2189
f 901//2190 1015//2190 1016//2190
f 1013//2191 1011//2191 1010//2191
f 1011//2192 1007//2192 1010//2192
f 1012//2193 1015//1008 902//1010
f 1013//2194 836//2195 1014//2195
f 1014//2195 836//2195 835//2196
f 1013//2197 830//2197 836//2197
f 1011//2198 1016//2198 1015//2198
f 1011//2199 1013//2199 1016//2199
f 1017//2200 1014//2200 838//2200
f 1017//2201 838//2201 1018//2201
f 1018//2202 838//2202 840//2202
f 945//2203 1020//2203 1019//2203
f 1021//2204 1018//2204 966//2204
f 1018//2205 1021//2205 945//2205
