# Blender 4.5.0
# www.blender.org
mtllib cloudB.mtl
o cloudB
v -6.159442 -0.285083 1.211989
v -6.202655 0.159846 1.244313
v -6.299536 0.587354 0.631306
v -6.161135 0.592754 1.212337
v -6.345256 0.158804 0.648952
v -6.300455 -0.279752 0.615294
v -6.394871 0.160038 0.013952
v -6.346791 -0.278658 0.011142
v -6.347417 0.589083 0.013071
v -6.199506 1.010159 -0.280699
v -5.527287 -0.694547 2.108624
v -5.933530 -0.275978 1.761309
v -5.663752 0.157395 2.277041
v -5.934319 0.587763 1.759382
v -5.811219 -0.705273 1.651712
v -6.107054 -0.700811 0.878763
v -5.973160 0.167784 1.793681
v -5.920329 1.025573 1.437217
v -5.862266 1.407880 0.848322
v -5.639959 -1.430453 0.239038
v -5.891006 -1.084824 0.799392
v -6.161621 1.004242 0.592991
v -5.955575 -1.096712 -0.200515
v -6.194079 -0.724667 -0.243115
v -5.973010 1.392898 0.012346
v -5.183002 -0.691370 2.472598
v -5.262140 -0.275830 2.622310
v -5.285649 0.158940 2.677769
v -5.627491 0.591023 2.236973
v -5.253692 0.592898 2.628342
v -5.626133 -0.278799 2.237338
v -5.529006 1.001334 2.110950
v -5.475315 -1.116931 1.704190
v -5.264723 -1.415805 1.454657
v -5.527754 -1.416461 0.877113
v -5.288377 -1.690228 0.165271
v -4.854894 0.150325 2.972078
v -4.827595 0.589842 2.920583
v -4.776928 1.007857 2.749558
v -4.788272 -0.696238 2.742213
v -4.843278 -0.280635 2.910629
v -5.171902 1.006354 2.481432
v -5.054182 -1.067170 2.237002
v -4.728083 -1.420469 2.009706
v -5.505757 1.392463 1.722562
v -4.840658 1.406521 2.383793
v -5.120152 -1.702149 0.813826
v -4.764751 -1.914519 0.465008
v -4.376872 -0.276183 3.096707
v -4.387079 0.159702 3.156219
v -4.373476 0.590669 3.097592
v -4.344497 1.007605 2.918825
v -4.502183 -1.073441 2.575493
v -4.348063 -0.693976 2.916814
v -4.793220 -1.697885 1.359396
v -4.192191 -1.702119 1.746587
v -4.400854 -2.029581 0.013186
v -3.894221 -0.688411 2.978642
v -3.902523 -0.277108 3.157286
v -3.887995 0.157260 3.219911
v -3.891807 0.590263 3.158723
v -3.893110 1.011969 2.972454
v -4.082688 -1.435626 2.246296
v -3.685281 -1.052113 2.703624
v -4.134172 1.428204 2.640859
v -4.110754 -1.909720 1.214581
v -4.014105 -2.028410 0.621023
v -3.609145 -2.068570 0.347652
v -3.439486 -0.696398 2.917525
v -3.413728 -0.280484 3.096865
v -3.411203 0.591409 3.097428
v -3.442115 1.008533 2.917875
v -3.345308 1.418868 2.573165
v -3.555861 -1.416408 2.237946
v -3.486644 -1.695511 1.713016
v -3.501189 -1.945173 0.968124
v -3.387089 -2.609746 -0.102445
v -3.610157 -2.052583 -0.418432
v -3.544722 -2.347790 -0.103016
v -2.957831 -0.283040 2.919678
v -3.388882 0.160501 3.152749
v -2.924104 0.152699 2.968630
v -2.951490 0.593737 2.917464
v -2.944896 -1.108138 2.367140
v -3.010264 -0.701517 2.746775
v -3.012225 1.011149 2.749782
v -3.035024 -1.401815 2.032504
v -3.020531 -2.588705 1.275028
v -3.259180 -2.033441 1.429855
v -3.070465 -2.281226 1.587022
v -2.962378 -1.901514 1.733031
v -3.251796 -1.783266 1.404157
v -2.944710 -1.596645 1.567145
v -3.261035 -2.632924 0.789547
v -3.392852 -2.272181 1.083346
v -3.470567 -2.447664 0.456920
v -3.128335 -2.815571 0.108247
v -2.533673 -0.275453 2.632274
v -2.510705 0.159664 2.686227
v -2.383556 0.626131 2.496025
v -2.538377 0.955445 2.457404
v -2.743016 1.372215 2.258375
v -2.694309 -2.431639 1.645737
v -2.346224 -2.536922 1.406653
v -2.845407 -2.138336 1.787140
v -2.631588 -1.772059 1.758065
v -2.413538 -1.844707 1.717670
v -2.390286 -1.583441 1.536681
v -2.584192 -1.433514 1.533846
v -2.909113 -2.850734 0.631575
v -2.721984 -2.718980 1.176288
v -2.494917 -2.811447 0.851014
v -2.665911 -2.946824 -0.012763
v -2.024703 -0.810456 2.624412
v -2.273582 -0.017137 2.426742
v -2.382136 -0.356766 2.453244
v -2.016533 -0.062137 2.629820
v -2.170479 0.207200 2.355522
v -2.349587 0.910168 2.642827
v -2.004181 0.912339 2.915722
v -2.387578 1.346768 2.681396
v -2.553647 -1.101904 2.021444
v -2.460978 -0.722696 2.332538
v -2.564682 -2.113194 1.816946
v -2.235471 -2.109301 1.621904
v -2.057981 -1.856069 1.388211
v -2.022892 -1.818636 1.410781
v -2.044321 -2.304203 1.232847
v -2.260064 -2.817708 0.410633
v -2.078030 -2.720708 -0.141452
v -1.602478 0.906861 3.096662
v -1.856781 1.339861 3.064669
v -1.913073 -1.177283 2.475673
v -1.955515 -1.503238 2.107403
v -1.385417 -1.178460 2.745587
v -1.461009 -0.060521 2.914140
v -1.910061 0.203377 2.554356
v -1.955631 0.491879 2.750637
v -1.658672 -1.805548 1.805609
v -2.011619 -2.608405 0.650935
v -1.913903 -2.375774 0.801290
v -1.815243 -2.070057 0.841965
v -1.853748 -2.438622 -0.315565
v -1.727164 -2.149797 0.396014
v -1.471449 -0.432790 2.976621
v -1.472697 -0.815415 2.906780
v -1.576489 0.492618 2.922044
v -1.169185 0.654958 3.065824
v -1.184726 1.349562 3.220999
v -1.262979 -1.509486 2.476635
v -1.398484 0.228263 2.788955
v -1.098024 -1.804705 2.110078
v -1.219012 -2.162610 1.171764
v -1.158689 -2.307191 0.069934
v -5.143876 1.726916 1.620204
v -5.468006 1.739945 1.047813
v -4.895874 2.013131 1.252894
v -5.250057 1.993639 0.551841
v -5.663604 1.724051 0.279022
v -5.272901 2.012298 -0.090391
v -4.839080 2.220725 -0.113439
v -4.744743 1.720874 2.020701
v -4.331765 2.009286 1.699691
v -4.601249 2.221097 0.862222
v -4.369694 2.345592 0.132723
v -4.065697 1.746217 2.249665
v -3.611334 2.019216 1.750666
v -3.703373 2.225121 1.216694
v -3.961303 2.337906 0.646308
v -3.700308 2.376232 0.279684
v -3.162582 2.283422 -0.344143
v -3.365267 1.748130 2.156815
v -3.170280 2.278708 0.386312
v -2.862622 1.605177 2.067159
v -3.099966 2.134394 1.099950
v -3.034457 1.972226 1.531048
v -2.853483 2.602014 1.032458
v -2.694238 2.909531 0.698414
v -2.978640 2.617076 0.290282
v -2.387583 3.228387 -0.321132
v -2.363798 1.786281 2.632065
v -2.597920 2.211509 2.115343
v -2.294500 2.214957 2.478534
v -2.012658 2.635051 2.361041
v -2.552002 2.635709 1.730472
v -2.354167 2.963116 1.459258
v -2.337867 3.224799 0.575414
v -1.840826 3.436566 0.811612
v -2.013805 3.442258 -0.098861
v -1.997286 1.783543 2.920725
v -1.953799 2.208091 2.752200
v -1.877516 2.941169 2.049761
v -2.004874 3.237100 1.313195
v -1.603790 1.791772 3.095896
v -1.578762 2.215240 2.916746
v -1.183365 2.213801 2.976275
v -1.534850 2.601973 2.631005
v -0.998820 2.577681 2.694405
v -1.486021 2.945750 2.237255
v -1.011111 2.964532 2.252858
v -1.518203 3.231198 1.723264
v -1.349501 3.607277 0.349691
v -6.299749 -0.275222 -0.603455
v -6.298548 0.590100 -0.609548
v -6.028024 -0.696631 -1.119117
v -6.345855 0.160418 -0.620567
v -6.157683 -0.283988 -1.192060
v -6.200975 0.156317 -1.223568
v -5.972169 0.160308 -1.770716
v -6.160884 0.587039 -1.189509
v -5.816894 -1.075721 -1.007214
v -6.025574 1.010151 -1.126010
v -5.504279 -1.112504 -1.644012
v -5.934856 -0.275091 -1.732259
v -5.807243 -0.697948 -1.642095
v -5.626084 -0.277815 -2.212788
v -5.671607 1.014303 -1.885339
v -5.934034 0.593527 -1.730684
v -5.662874 0.163203 -2.252884
v -5.620613 0.594648 -2.217475
v -5.603976 -1.408625 -0.635662
v -5.178995 -1.697751 -0.670811
v -5.273124 -1.428294 -1.391818
v -5.527870 -0.698382 -2.077851
v -5.180935 -0.694388 -2.446670
v -5.172989 1.008999 -2.452007
v -5.255284 -0.282194 -2.600638
v -5.281563 0.157625 -2.654819
v -5.251388 0.593489 -2.604272
v -4.764178 -1.901138 -0.517303
v -4.688768 -1.707223 -1.435731
v -4.872958 -1.415760 -1.874208
v -4.906446 -1.062692 -2.342912
v -4.774189 -0.693003 -2.726200
v -4.831083 -0.275382 -2.892831
v -4.830771 0.593804 -2.892222
v -4.770011 1.008131 -2.726372
v -4.489564 1.405048 -2.544353
v -4.843628 0.156841 -2.952638
v -4.389277 -1.405877 -2.183830
v -4.305062 -1.077956 -2.600781
v -4.343327 -0.692934 -2.892964
v -4.342770 1.009762 -2.891060
v -4.368699 -0.282191 -3.070153
v -4.380430 0.161581 -3.131817
v -4.377016 0.596644 -3.067753
v -4.071815 -1.698875 -1.741252
v -3.683134 -1.422779 -2.239280
v -3.702269 -1.112490 -2.620424
v -3.891414 -0.694447 -2.949771
v -3.893655 -0.285479 -3.128056
v -3.892339 0.154261 -3.193744
v -3.888783 0.590944 -3.132437
v -3.894614 1.009438 -2.948212
v -4.090858 -1.980096 -0.938442
v -3.442966 -2.308412 -0.862336
v -3.475095 -1.939602 -1.014748
v -3.527206 -1.688849 -1.721353
v -3.434835 -0.690843 -2.892529
v -3.409373 -0.275192 -3.070994
v -3.432539 1.004521 -2.891875
v -3.404591 0.591673 -3.068034
v -3.304892 -2.604237 -0.686348
v -3.077732 -2.803264 -0.469996
v -3.255589 -2.462347 -1.108495
v -2.953074 -2.675418 -1.132472
v -3.033062 -2.461885 -1.421950
v -3.243769 -2.126046 -1.424300
v -3.187152 -1.746459 -1.434183
v -2.951613 -2.119835 -1.717482
v -2.910897 -1.845627 -1.703442
v -3.061797 -1.420070 -1.992946
v -2.955976 -1.100122 -2.360776
v -2.957161 -0.283978 -2.890898
v -3.393472 0.160030 -3.128224
v -2.950927 0.593818 -2.890248
v -2.839375 -2.822789 -0.787770
v -2.699548 -2.594748 -1.407586
v -2.443248 -2.520998 -1.437388
v -2.759341 -2.370397 -1.659707
v -2.619598 -2.220189 -1.764363
v -2.631171 -1.817641 -1.766780
v -2.851404 -1.559031 -1.545590
v -2.423748 -1.557037 -1.508932
v -2.593405 -1.429371 -1.521682
v -2.389745 -1.933502 -1.716904
v -2.471433 -0.775645 -2.267116
v -2.910255 -0.703978 -2.667377
v -2.358606 -0.320647 -2.440806
v -3.002877 1.004418 -2.724008
v -2.508714 0.906692 -2.439738
v -2.928674 0.156754 -2.946201
v -2.346298 -2.823083 -0.587049
v -2.164564 -2.630680 -0.959232
v -2.596421 -2.804429 -0.907780
v -2.382156 -2.269219 -1.646594
v -2.201425 -1.737145 -1.465240
v -1.945814 -1.506082 -2.074976
v -2.552847 -1.098337 -1.999687
v -2.175045 0.197476 -2.327156
v -2.016371 -0.810166 -2.603177
v -2.498102 0.155935 -2.648849
v -2.052099 -0.432345 -2.652829
v -2.268265 -0.017361 -2.399437
v -2.362317 0.574439 -2.467720
v -2.060646 0.913953 -2.854712
v -2.387887 1.356876 -2.654806
v -1.740302 -2.143322 -0.370102
v -1.977333 -2.448040 -0.863189
v -1.822423 -2.065222 -0.870848
v -2.124283 -2.366734 -1.284212
v -2.119395 -2.118995 -1.443978
v -1.983422 -1.956080 -1.213354
v -2.035319 -1.803781 -1.425237
v -1.902897 -1.177089 -2.455641
v -1.460659 -0.815429 -2.886452
v -1.471569 -0.434236 -2.950635
v -2.013409 -0.060005 -2.604234
v -1.469460 -0.054969 -2.880733
v -1.945644 0.485934 -2.727150
v -1.907506 0.196852 -2.526697
v -1.600435 0.907521 -3.070966
v -2.014742 1.349825 -2.949618
v -1.618631 1.350527 -3.127661
v -0.915413 -2.250629 -0.953180
v -1.352465 -2.045411 -1.394665
v -1.264055 -1.823363 -1.989874
v -1.032083 -1.499966 -2.553361
v -1.376297 -1.180234 -2.721293
v -0.789826 -1.177703 -2.893286
v -1.577029 0.495764 -2.896874
v -1.184409 0.488777 -2.951221
v -1.180073 0.908233 -3.130755
v -5.888717 1.383407 -0.789115
v -5.572037 1.742704 -0.657148
v -5.618943 1.395572 -1.468247
v -5.239551 1.723231 -1.483685
v -5.187101 1.405390 -2.069818
v -5.125838 2.007230 -0.819720
v -4.874991 1.865512 -1.634622
v -4.512229 2.215358 -0.938386
v -4.423625 1.724259 -2.171936
v -3.962684 2.343366 -0.621810
v -4.145087 2.016511 -1.737680
v -3.731688 2.231730 -1.168628
v -3.890199 1.728300 -2.255185
v -3.684720 1.402335 -2.638064
v -3.503248 2.009221 -1.695073
v -3.351726 1.731815 -2.151516
v -3.100281 2.146787 -1.049001
v -2.988420 1.916431 -1.589389
v -3.085499 1.386465 -2.450322
v -2.680327 2.984554 -0.222290
v -2.954211 2.601645 -0.516504
v -2.654008 2.794179 -1.204474
v -2.881140 1.657010 -1.960728
v -2.845865 2.215274 -1.641651
v -2.734649 1.369442 -2.240989
v -2.478664 1.839256 -2.468782
v -2.597975 2.212710 -2.088079
v -2.459732 2.602696 -1.875636
v -2.271559 2.945869 -1.588593
v -2.008106 2.644461 -2.327893
v -2.298948 2.216160 -2.447295
v -1.950012 2.220961 -2.720123
v -1.377758 3.582160 -0.521195
v -1.967796 3.336392 -1.045762
v -1.734247 3.235347 -1.560397
v -1.902951 2.957462 -1.981826
v -1.319503 2.950970 -2.248506
v -2.000316 1.797026 -2.889060
v -1.602690 1.795514 -3.069004
v -1.168203 3.452968 -1.207217
v -1.301375 3.220485 -1.784646
v -1.367505 2.631394 -2.628106
v -1.180575 1.790281 -3.130677
v -1.572361 2.216531 -2.891607
v -1.181224 2.208732 -2.951819
v -0.806504 -1.178255 2.915648
v -0.838645 -0.815959 3.095810
v -0.857956 -0.056040 3.090308
v -0.850935 -0.434866 3.156652
v -0.706876 0.408662 2.866359
v -0.770474 0.901871 3.095353
v -0.753638 1.348777 3.154531
v -0.430863 -1.537722 2.656189
v -0.404230 -1.809409 2.282896
v -0.718690 -2.046138 1.728725
v -0.249583 -2.370875 0.446179
v -0.192066 -1.177319 2.976390
v -0.195624 -0.817264 3.156344
v -0.185654 -0.436442 3.220209
v -0.197899 -0.058006 3.158713
v -0.184909 0.307139 2.974208
v -0.369622 0.910950 2.917357
v -0.358189 1.347672 2.977862
v 0.076633 -2.260324 1.136012
v 0.006131 -2.035483 1.826209
v 0.633051 -1.532211 2.552209
v -0.002815 0.749566 2.578764
v 0.349171 1.349581 2.281496
v 0.418920 -1.176689 2.918153
v 0.976875 -1.176747 2.757283
v 0.450077 -0.818293 3.095930
v 0.467127 -0.438933 3.156478
v 0.445064 -0.056053 3.098582
v 0.417457 0.300720 2.921378
v 0.466062 -1.830378 2.162739
v 0.394407 0.979364 2.168618
v 1.059741 -2.059052 1.356313
v 0.676389 1.691352 1.635219
v 0.485040 -2.338907 0.016995
v 1.092438 -0.433302 2.976527
v 1.001742 0.308043 2.745987
v 1.099375 0.647019 2.385973
v 1.174770 -1.830550 1.831029
v 1.275218 0.912929 1.859773
v 0.677307 1.180900 1.666164
v 1.116863 1.564661 1.823276
v 0.970930 -2.251329 0.387341
v 1.064380 -0.812701 2.920753
v 1.064433 -0.055089 2.919834
v 1.600624 -0.057653 2.648688
v 1.345870 -1.513850 2.241925
v 1.588803 -1.146357 2.473058
v 1.520116 1.302675 1.928696
v 1.261654 -2.600199 0.279762
v 1.996263 -2.149116 2.659389
v 1.497933 -1.832321 2.350322
v 1.715785 -1.508247 2.678047
v 2.100939 -1.837506 2.914008
v 1.834410 -0.841898 2.493985
v 1.684289 -0.428863 2.671086
v 2.121526 -0.053761 2.248025
v 1.533340 0.303927 2.477217
v 1.394100 -2.155581 1.935499
v 2.002613 0.301483 2.110582
v 1.891613 0.619814 1.838866
v 2.113030 1.152440 1.974891
v 1.337247 -2.461061 1.279435
v 1.796078 -2.446898 2.101301
v 1.566577 -2.679518 1.213836
v 2.007024 -2.919076 1.156222
v 1.778471 -2.918068 0.560013
v 2.081573 -1.506151 2.967797
v 2.497096 -1.843166 3.091078
v 2.106074 -1.175711 2.916618
v 2.500968 -1.171917 3.093459
v 2.425185 -2.476065 2.556516
v 2.151545 -0.861008 2.748715
v 2.172379 -0.454616 2.301776
v 2.473233 -2.714648 2.168369
v 2.220243 -2.807068 1.813044
v 2.575268 -0.104766 1.761515
v 2.405313 0.298700 1.653630
v 2.513408 1.151572 1.933923
v 2.499063 0.590714 1.788123
v 2.338887 -3.146570 0.307687
v 2.575866 -3.067235 1.155755
v 2.109917 -3.073565 -0.226036
v 2.518831 -2.148344 2.917434
v 2.920823 -2.150592 2.977718
v 2.493177 -1.507390 3.156037
v 2.921829 -1.508270 3.219574
v 2.914881 -1.837850 3.157025
v 2.914826 -1.175661 3.157426
v 2.551466 -0.732086 2.821097
v 3.159355 -2.454839 2.657129
v 3.141689 -0.584058 2.694969
v 2.714159 -0.298190 2.244800
v 3.291040 -2.708380 2.221298
v 2.798342 -2.912988 1.794387
v 2.726007 0.035853 1.376311
v 3.048342 0.429213 1.572799
v 3.117949 0.032306 1.335942
v 2.990163 0.939077 1.786863
v 3.137522 -3.077003 1.183607
v 3.067758 -3.198089 0.391915
v 3.337873 -1.840376 3.095142
v 2.922920 -0.863614 2.978284
v 3.332268 -1.180570 3.099357
v 3.189805 -0.196573 2.034531
v 3.455323 -2.911622 1.639097
v 3.537508 1.095342 1.594472
v 3.186054 0.117139 1.244942
v 3.492524 -2.151631 2.862712
v 3.346071 -1.505738 3.155994
v 3.734336 -1.840540 2.918170
v 3.500787 -0.864754 2.861273
v 3.731817 -1.176261 2.920720
v 3.764384 -2.430300 2.403332
v 3.612931 -0.568028 2.476954
v 3.645949 -0.299618 1.996163
v 3.734185 -0.092820 1.331146
v 3.687481 -3.079445 0.498492
v 3.553526 0.071800 0.974413
v 3.618126 0.275770 1.123376
v 3.751837 -1.507001 2.976258
v 4.034068 -2.152615 2.478620
v 4.096356 -1.837224 2.634635
v 4.129225 -1.505587 2.675614
v 4.036594 -0.862526 2.477547
v 4.093699 -1.179419 2.637836
v 4.421714 -1.175738 2.243573
v 3.840025 -2.710478 1.819269
v 4.345892 -2.410646 1.751840
v 4.443066 -2.195497 1.901283
v 4.095148 -0.550224 2.025622
v 3.966757 -0.184680 1.422446
v 3.796303 0.182823 1.394088
v 3.778568 0.614732 1.255022
v 4.124089 0.350479 1.763169
v 4.048526 0.646663 1.517594
v 3.865521 -2.915774 1.121861
v 3.730436 -0.003615 1.215505
v 4.057198 0.951937 1.154555
v 3.831478 1.302065 1.397346
v 4.149362 1.308528 1.096812
v 4.344121 1.165291 0.845513
v 4.294409 -2.824672 0.323508
v 4.456268 -1.506149 2.279943
v 4.543245 -1.866154 2.050325
v 4.728942 -1.508294 1.785962
v 4.686227 -1.177313 1.770709
v 4.469975 -0.866761 1.915490
v 4.597766 0.469737 1.927148
v 4.276797 -2.712587 1.072431
v 4.767927 -2.158892 1.154050
v 4.457422 -0.514428 1.358040
v 4.157608 0.020614 1.731644
v 4.199570 -0.349733 1.440476
v 4.683102 -0.183021 1.807843
v 4.566389 0.178379 1.962708
v 4.520692 1.037874 1.278808
v 4.402381 0.721179 1.707050
v 4.635740 -2.459666 0.808563
v 4.531988 1.275731 0.424112
v 4.999464 0.358459 1.927113
v 5.068575 0.030371 1.862853
v 4.881714 -1.837449 1.235658
v 4.927253 -1.506922 1.235398
v 4.882180 -1.176597 1.233178
v 4.740111 -0.705444 0.964583
v 5.063539 -0.240398 1.673030
v 4.825178 0.748684 1.741754
v 5.254264 0.737263 1.572799
v 5.080765 1.057774 1.175299
v 5.006643 -1.840292 0.634959
v 4.792876 -0.665424 0.945878
v 4.954629 -0.473513 1.374052
v 5.050820 -1.505249 0.624822
v 5.006511 -1.173682 0.634663
v 4.867397 -0.795821 0.546220
v 4.976856 -0.765554 0.222549
v 5.267436 -0.676968 0.466776
v 4.966346 1.249484 0.504606
v 5.294330 1.181234 0.376034
v 4.715524 -2.462202 -0.222709
v 4.916069 -2.173115 0.269056
v 5.050293 -1.836064 0.013826
v 5.092155 -1.505579 -0.258419
v 5.047283 -1.170761 0.022015
v 4.914822 -0.829921 0.011798
v 4.589635 1.297103 -0.151201
v 5.114917 1.220320 -0.494172
v 5.368548 -0.409877 1.195965
v 5.406723 0.174897 1.701238
v 5.297227 0.465248 1.736978
v 5.619016 0.581788 1.332127
v 5.496164 -0.134335 1.437871
v 5.536772 0.901390 0.992978
v 5.570775 -0.553955 0.019718
v 5.547093 1.063590 -0.264389
v 5.703981 0.148003 1.344342
v 5.906103 -0.078987 0.720037
v 5.830162 0.356243 1.103913
v 5.813316 0.657329 0.856128
v 5.634530 -0.392458 0.776319
v 6.006191 0.340522 0.559035
v 5.713147 0.928922 0.404388
v 5.974138 0.610042 0.178779
v 5.864112 -0.282442 0.165721
v 5.828130 0.831137 -0.125189
v 6.057356 0.176389 0.021055
v -1.188451 1.793223 3.156406
v -0.770855 1.790713 3.098000
v -0.792908 2.208818 2.920773
v -0.495698 2.604338 2.477216
v -1.020009 3.234209 1.769958
v -0.437391 3.251068 1.396146
v -1.232175 3.444066 1.235501
v -0.779501 3.529521 0.720211
v -0.805180 3.567600 -0.301749
v -0.370741 1.794973 2.917500
v -0.416388 2.218179 2.745766
v -0.599030 2.946419 2.108777
v -0.213928 2.967339 1.747452
v -0.366541 3.435286 0.376243
v 0.014153 1.349572 2.685451
v -0.002201 1.794288 2.625142
v -0.069197 2.216139 2.472933
v -0.037921 2.626448 2.061864
v 0.314122 2.606935 1.491615
v 0.155924 3.076701 0.679566
v 0.003429 3.237288 -0.170794
v 0.321379 1.786088 2.236044
v 0.343626 2.221483 1.933720
v 0.553260 2.550621 0.957331
v 0.091213 2.948387 1.266101
v 0.485640 2.804317 0.136352
v 0.617248 2.182036 1.368234
v 1.158665 2.476870 1.398572
v 0.883337 2.651501 1.050164
v 0.794883 2.863826 0.536930
v 1.374760 3.002446 0.716692
v 1.066129 3.035820 0.147147
v 1.810322 1.655550 1.932848
v 1.300796 1.967785 1.761613
v 1.751542 2.777237 1.232960
v 1.622504 2.346657 1.608977
v 2.230310 2.074173 1.801675
v 1.881414 3.181140 0.206994
v 2.264452 2.495645 1.531781
v 2.351026 2.977375 0.895304
v 2.408431 3.159956 0.239129
v 2.787961 1.524050 1.883958
v 3.055129 2.657228 1.132409
v 2.844508 2.972709 0.681518
v 3.109613 2.053873 1.617806
v 3.027092 2.340302 1.459727
v 2.994649 3.038913 0.139709
v 3.600373 1.685210 1.512638
v 3.690136 2.023488 1.294188
v 3.659100 2.341817 1.066972
v 3.500771 2.777407 0.519842
v 4.102813 1.677849 1.080007
v 4.137375 1.999705 0.852042
v 4.052442 2.359477 0.491503
v 3.799982 2.626378 0.286465
v 3.818003 2.640244 -0.096666
v 4.334059 1.674025 0.749007
v 4.474922 1.674678 0.391320
v 4.526777 1.668766 0.013111
v 4.387284 2.011219 0.162592
v -0.489779 -2.035281 -1.799111
v -0.525839 -1.826641 -2.204020
v -1.358713 0.243039 -2.771546
v -0.833383 -0.816580 -3.070196
v -0.847370 -0.050952 -3.064299
v -0.846026 -0.429563 -3.131063
v -0.758640 0.395594 -2.840434
v -0.767514 0.902137 -3.068006
v -1.184947 1.349740 -3.194724
v -0.757156 1.349791 -3.129436
v -0.249513 -2.349021 -0.595615
v -0.317364 0.574946 -2.717566
v -0.180440 -1.182018 -2.945679
v -0.180919 -0.814038 -3.131363
v -0.186003 -0.055830 -3.131940
v -0.355718 1.348484 -2.949812
v 0.211073 -2.239462 -1.145817
v 0.438815 -1.813276 -2.170045
v 0.061794 -1.508021 -2.657694
v 0.033031 0.760512 -2.524192
v -0.374104 0.913503 -2.895034
v 0.363990 0.638552 -2.602151
v 0.012070 1.351935 -2.659573
v -0.189642 -0.434108 -3.193936
v -0.185820 0.308388 -2.947554
v 0.510931 -2.055082 -1.629629
v 0.376162 0.965694 -2.162907
v 0.350061 1.349679 -2.253791
v 0.420466 -1.177234 -2.891990
v 0.470796 -0.436575 -3.130479
v 0.460439 -0.821490 -3.067052
v 0.475760 -0.055143 -3.065132
v 0.418438 0.304253 -2.893655
v 0.990568 -2.223826 -0.566463
v 0.691226 1.161519 -1.656089
v 1.344432 1.330415 -1.877526
v 1.382990 0.868274 -1.838451
v 0.876343 -1.516307 -2.445702
v 1.001019 -1.178219 -2.721652
v 1.267020 0.339033 -2.588556
v 1.136130 0.638641 -2.347405
v 1.097744 -0.434874 -2.947780
v 1.189709 -2.437795 -0.799686
v 1.534801 -2.809451 -0.253339
v 1.057922 -2.043664 -1.355570
v 1.180900 -1.821039 -1.822286
v 1.425850 -2.445926 -1.476257
v 1.649236 -2.182137 -2.266521
v 1.627774 -1.865454 -2.479371
v 1.362993 -1.494032 -2.234817
v 1.718690 -1.508431 -2.655074
v 1.074461 -0.815766 -2.889382
v 1.090693 -0.057219 -2.883503
v 1.695134 -2.820905 -0.936205
v 2.040839 -2.797480 -1.636222
v 1.783600 -2.453249 -2.054692
v 2.057252 1.160247 -1.945484
v 2.001991 0.304200 -2.083344
v 1.900129 0.617809 -1.814808
v 1.606626 -1.122860 -2.455121
v 2.106622 -1.169516 -2.886644
v 1.684829 -0.429624 -2.644300
v 1.837780 -0.839493 -2.468440
v 1.649044 -0.058710 -2.594685
v 2.138853 -0.057740 -2.207777
v 2.388697 -3.073527 -0.938823
v 2.235385 -2.447520 -2.450123
v 2.176091 -0.447110 -2.269173
v 2.161108 -2.158533 -2.722202
v 2.105618 -1.835892 -2.891011
v 2.387060 -0.874299 -2.862844
v 2.090099 -1.504417 -2.947429
v 2.506511 -1.838758 -3.070712
v 2.496485 -1.503766 -3.130893
v 2.504566 -1.171414 -3.067691
v 2.835016 -3.140507 -0.911972
v 2.512242 -2.810213 -1.973075
v 2.565557 -0.110309 -1.749546
v 3.188812 -0.189843 -1.997527
v 2.995087 0.450802 -1.585165
v 2.374435 0.334757 -1.647256
v 2.744458 0.034440 -1.332357
v 2.726621 0.923267 -1.836881
v 2.903260 1.304369 -1.830332
v 2.709306 -2.469080 -2.614006
v 2.534287 -2.152132 -2.893865
v 2.756458 -0.448739 -2.508336
v 2.929555 -1.837024 -3.131053
v 2.929194 -0.860202 -2.948686
v 3.512183 -3.105210 -0.705587
v 3.173764 -2.837579 -1.972117
v 3.341974 0.588349 -1.490516
v 3.433645 1.097595 -1.614736
v 3.275326 -2.444551 -2.603496
v 2.929965 -2.152790 -2.948727
v 3.278898 -0.566928 -2.598886
v 3.313618 -2.151439 -2.893700
v 2.924371 -1.507576 -3.193027
v 2.929897 -1.174894 -3.130206
v 3.314528 -0.856861 -2.889676
v 3.342261 -1.175663 -3.069030
v 4.007470 -2.928358 -0.719760
v 3.708655 -2.916141 -1.333064
v 3.212110 0.115337 -1.204807
v 3.208237 0.016724 -1.319209
v 3.587960 0.070426 -0.945231
v 3.616568 0.276771 -1.097034
v 3.698211 -0.046897 -1.171966
v 3.626493 -2.703572 -2.010904
v 3.657703 -0.313216 -1.988024
v 3.724560 -2.445344 -2.383511
v 3.792554 -0.582425 -2.353553
v 3.737846 -1.835935 -2.891350
v 3.858226 -2.184936 -2.591522
v 3.341006 -1.837212 -3.069517
v 3.352046 -1.505903 -3.128152
v 3.752965 -1.506584 -2.949013
v 3.742133 -1.179533 -2.889185
v 3.957380 -0.155098 -1.392035
v 3.894450 0.116981 -1.498910
v 3.785022 0.613029 -1.222486
v 4.105965 1.001804 -1.081988
v 3.831853 1.302411 -1.370663
v 3.799562 0.941577 -1.343528
v 4.150022 1.308330 -1.069455
v 4.130417 -2.563638 -1.760638
v 4.024916 -0.272138 -1.477208
v 4.005005 0.374736 -1.613919
v 4.328819 0.362718 -1.855984
v 4.201573 -0.572115 -1.874136
v 4.103183 -1.836765 -2.601675
v 4.142089 -1.506174 -2.636006
v 4.099119 -1.175227 -2.604827
v 3.693416 -0.861091 -2.722350
v 4.324364 -2.748719 -0.753032
v 4.410948 1.200367 -0.710666
v 4.848767 1.131325 -1.068641
v 4.496552 -2.444341 -1.310646
v 4.449497 -0.539097 -1.351272
v 4.362172 -0.407866 -1.420426
v 4.366663 0.920711 -1.403307
v 4.494128 -0.858111 -1.836656
v 4.230455 -0.048025 -1.711038
v 4.620742 -0.228628 -1.723463
v 4.469458 0.149704 -1.904804
v 4.165715 0.650712 -1.596858
v 4.622130 0.748230 -1.715007
v 4.339086 -2.148938 -2.086487
v 4.423284 -1.835076 -2.215476
v 4.457944 -1.506795 -2.250899
v 4.430849 -1.177354 -2.204008
v 4.042918 -0.861438 -2.443370
v 4.878992 0.474832 -1.895635
v 5.008753 -1.176090 -0.597605
v 4.863880 -0.802687 -0.561245
v 4.682676 -2.192973 -1.363470
v 4.960723 -1.984069 -0.604658
v 4.927273 -1.504543 -1.209331
v 4.955313 -0.737238 -0.497978
v 4.912595 -0.526335 -1.265332
v 4.886818 -1.838387 -1.191233
v 4.886657 -1.170225 -1.186942
v 4.693056 -0.654135 -1.001818
v 4.730199 -1.508624 -1.756112
v 4.689168 -1.835800 -1.738273
v 4.693435 -1.174824 -1.728406
v 4.887871 0.145611 -1.937919
v 5.104072 -0.220814 -1.651902
v 5.081047 0.715291 -1.684416
v 5.408907 -0.551928 -0.756241
v 5.385121 0.948276 -1.109653
v 5.422036 -0.314915 -1.271029
v 5.330100 -0.043840 -1.660069
v 5.356040 0.323415 -1.720145
v 5.411184 0.556205 -1.573831
v 5.794510 -0.277652 -0.639949
v 5.980958 -0.015246 -0.377300
v 5.834695 0.747700 -0.619747
v 5.797049 0.381418 -1.145574
v 5.856587 0.039933 -0.945941
v 5.649294 -0.124984 -1.202986
v 5.679139 0.170100 -1.356850
v 5.656817 0.655279 -1.168493
v 6.009649 0.354656 -0.515084
v -0.536026 3.462022 -0.666080
v -0.816359 3.228409 -1.689773
v -0.711170 2.949583 -2.152797
v -0.831608 2.592989 -2.610928
v -0.765100 1.793516 -3.069174
v -0.792928 2.204589 -2.896637
v -0.410275 3.232542 -1.345574
v -0.411329 2.210903 -2.720824
v -0.305718 2.594770 -2.338853
v -0.365070 1.783589 -2.890070
v -0.118118 3.223287 -0.855515
v -0.206247 2.963042 -1.711065
v -0.065076 2.213042 -2.443919
v -0.003857 1.792166 -2.602288
v 0.484660 2.775847 -0.295752
v 0.546558 2.588708 -0.855335
v 0.188041 2.988656 -0.916562
v 0.179056 2.639275 -1.684853
v 0.606496 2.383620 -1.145383
v 0.232254 2.218451 -2.077831
v 0.322169 1.786010 -2.208572
v 1.380278 3.119482 -0.247998
v 0.890853 2.744616 -0.910147
v 1.119683 2.352593 -1.448753
v 0.680271 1.711973 -1.594840
v 1.086948 1.672356 -1.760838
v 0.616370 2.157861 -1.382803
v 1.590358 2.969000 -0.853401
v 1.462687 1.875408 -1.813347
v 2.405528 2.679696 -1.304771
v 2.205631 2.874607 -1.052062
v 1.523429 2.501975 -1.453964
v 2.322004 1.783545 -1.882966
v 2.279505 3.153290 -0.321564
v 2.486182 2.963834 -0.866237
v 2.199950 2.377204 -1.594397
v 2.494229 2.020853 -1.760996
v 3.033484 2.986922 -0.455882
v 3.395158 2.872854 -0.249895
v 3.184783 2.641755 -1.036733
v 3.103889 2.190084 -1.524686
v 3.609978 2.638739 -0.647556
v 3.322897 1.663824 -1.640350
v 4.152463 2.339180 -0.104994
v 3.696531 2.337485 -1.011624
v 3.983085 2.351132 -0.606254
v 3.837528 2.068025 -1.132491
v 3.800782 1.667677 -1.341940
v 4.109577 1.671213 -1.048612
v 4.409679 1.747842 -0.537414
v 4.311617 1.962558 -0.547373
vn -0.9314 -0.2917 0.2175
vn -0.9667 0.1099 0.2310
vn -0.9667 0.1098 0.2313
vn -0.9669 0.1122 0.2294
vn -0.9447 0.3193 0.0741
vn -0.9238 -0.3745 0.0796
vn -0.9910 0.1094 0.0773
vn -0.9910 0.1089 0.0776
vn -0.9910 0.1095 0.0772
vn -0.9910 0.1098 0.0771
vn -0.9329 0.3576 0.0429
vn -0.8345 -0.1204 0.5377
vn -0.8342 -0.1209 0.5380
vn -0.8376 -0.1143 0.5342
vn -0.8354 0.1209 0.5362
vn -0.8350 0.1197 0.5371
vn -0.8350 0.1195 0.5371
vn -0.8678 -0.3398 0.3625
vn -0.9167 -0.1105 0.3841
vn -0.9177 -0.1161 0.3799
vn -0.9166 -0.1099 0.3845
vn -0.7956 0.3754 0.4756
vn -0.9171 0.1161 0.3813
vn -0.9171 0.1161 0.3814
vn -0.9171 0.1160 0.3814
vn -0.7617 -0.6454 0.0569
vn -0.8435 -0.5337 0.0608
vn -0.8734 0.4853 0.0412
vn -0.6766 -0.3598 0.6425
vn -0.6764 -0.3600 0.6426
vn -0.6763 -0.3601 0.6426
vn -0.7205 -0.1260 0.6819
vn -0.7204 -0.1260 0.6821
vn -0.7208 -0.1252 0.6817
vn -0.7218 0.1239 0.6809
vn -0.7173 0.1308 0.6844
vn -0.7176 0.1304 0.6841
vn -0.6738 0.3622 0.6440
vn -0.6756 0.3601 0.6433
vn -0.6736 0.3622 0.6443
vn -0.6075 -0.5871 0.5350
vn -0.7895 -0.3454 0.5073
vn -0.7909 -0.3525 0.5003
vn -0.7895 -0.3449 0.5077
vn -0.7220 0.1233 0.6808
vn -0.5863 0.5881 0.5571
vn -0.7166 -0.5264 0.4577
vn -0.5556 -0.8213 0.1290
vn -0.5268 -0.3768 0.7619
vn -0.5253 -0.3781 0.7623
vn -0.5253 -0.3784 0.7622
vn -0.4180 -0.6132 0.6702
vn -0.5629 -0.1345 0.8155
vn -0.5626 -0.1345 0.8157
vn -0.5609 -0.1321 0.8173
vn -0.5574 0.1310 0.8198
vn -0.5575 0.1307 0.8198
vn -0.5596 0.1343 0.8178
vn -0.5598 0.1344 0.8176
vn -0.5219 0.3759 0.7657
vn -0.5224 0.3754 0.7656
vn -0.5218 0.3760 0.7657
vn -0.4685 0.5554 0.6870
vn -0.4886 -0.7441 0.4557
vn -0.3691 -0.7193 0.5885
vn -0.5981 -0.5627 0.5706
vn -0.5674 0.6058 0.5578
vn -0.4900 -0.7357 0.4676
vn -0.4514 -0.8482 0.2771
vn -0.3608 -0.1348 0.9229
vn -0.3654 -0.1408 0.9201
vn -0.3606 -0.1345 0.9230
vn -0.3603 0.1367 0.9227
vn -0.3654 0.1311 0.9216
vn -0.3600 0.1369 0.9229
vn -0.2845 0.6232 0.7285
vn -0.2844 0.6233 0.7285
vn -0.2842 0.6235 0.7284
vn -0.2165 -0.9203 0.3260
vn -0.1259 -0.1373 0.9825
vn -0.1260 -0.1374 0.9825
vn -0.1247 0.1377 0.9826
vn -0.1246 0.1378 0.9826
vn -0.1136 0.3997 0.9096
vn -0.1135 0.3997 0.9096
vn -0.1119 0.4012 0.9091
vn -0.0884 -0.7241 0.6840
vn -0.2013 -0.8453 0.4949
vn -0.1716 -0.9789 0.1111
vn -0.0682 -0.9966 0.0453
vn 0.1152 -0.3991 0.9096
vn 0.1127 -0.3968 0.9110
vn 0.1101 -0.3941 0.9125
vn 0.1152 -0.3993 0.9095
vn 0.1330 -0.1320 0.9823
vn 0.1141 0.4008 0.9090
vn 0.1140 0.4008 0.9090
vn 0.1150 0.3999 0.9093
vn 0.0728 0.6469 0.7591
vn 0.0983 0.6264 0.7733
vn 0.2133 -0.8507 0.4804
vn 0.0262 -0.9299 0.3669
vn 0.0242 -0.9795 0.1997
vn 0.0305 -0.9812 0.1904
vn 0.0238 -0.9796 0.1998
vn -0.9378 -0.2862 0.1965
vn -0.9755 -0.2198 -0.0033
vn 0.3334 -0.3930 0.8570
vn 0.3355 -0.3953 0.8551
vn 0.3335 -0.3931 0.8569
vn 0.3630 -0.1320 0.9224
vn 0.3584 -0.1370 0.9235
vn 0.3632 -0.1317 0.9224
vn 0.3610 0.1370 0.9224
vn 0.3671 0.1302 0.9210
vn 0.3671 0.1297 0.9211
vn 0.3331 0.3932 0.8570
vn 0.3334 0.3935 0.8567
vn 0.2809 -0.6300 0.7240
vn 0.2808 -0.6297 0.7243
vn 0.2807 -0.6296 0.7245
vn 0.2955 0.5727 0.7647
vn 0.2348 -0.7329 0.6386
vn -0.6956 -0.0767 0.7143
vn 0.2763 -0.8486 0.4512
vn -0.7311 0.0910 0.6761
vn -0.8878 -0.1396 0.4386
vn -0.8773 0.0746 0.4741
vn -0.7023 -0.5600 0.4395
vn -0.7043 -0.5849 0.4022
vn -0.4101 -0.8673 0.2822
vn -0.7331 -0.6746 0.0861
vn -0.6567 -0.7506 0.0733
vn 0.5578 0.1297 0.8198
vn 0.4883 -0.5523 0.6757
vn 0.5147 -0.4180 0.7486
vn 0.5815 0.1662 0.7964
vn 0.5462 0.3463 0.7627
vn 0.4820 0.5589 0.6747
vn 0.5293 -0.6117 0.5880
vn -0.0535 -0.4559 0.8884
vn -0.3376 -0.3917 0.8559
vn 0.2457 0.2115 0.9460
vn 0.0526 0.0868 0.9948
vn 0.4062 -0.8122 0.4188
vn 0.4732 -0.7420 0.4750
vn -0.2890 -0.9031 0.3177
vn 0.0965 -0.8515 0.5155
vn 0.1953 -0.8990 0.3919
vn -0.0394 -0.9680 0.2477
vn 0.0130 -0.9882 0.1523
vn -0.2619 -0.9641 0.0449
vn 0.6727 -0.1586 0.7228
vn 0.7567 0.0592 0.6511
vn 0.5591 0.0063 0.8291
vn -0.5456 0.4242 0.7227
vn -0.4986 0.4620 0.7335
vn -0.7080 -0.2556 0.6584
vn -0.5569 -0.3278 0.7631
vn -0.7658 -0.0708 0.6392
vn -0.5526 -0.4443 0.7052
vn -0.5563 -0.4507 0.6981
vn -0.5525 -0.4438 0.7055
vn 0.4481 -0.4918 0.7465
vn 0.3200 0.5201 0.7919
vn 0.6704 0.1917 0.7168
vn -0.3874 -0.8252 0.4111
vn -0.5337 -0.6807 0.5018
vn -0.5331 -0.6814 0.5015
vn -0.5312 -0.6848 0.4990
vn 0.6823 -0.4619 0.5666
vn 0.1900 -0.9750 0.1152
vn -0.3805 -0.3794 0.8434
vn -0.3807 -0.3793 0.8433
vn -0.3827 -0.3775 0.8433
vn -0.4065 -0.1724 0.8972
vn -0.5781 -0.3552 0.7346
vn -0.2970 -0.9052 0.3039
vn -0.3017 -0.9076 0.2920
vn -0.2974 -0.9053 0.3032
vn 0.7788 -0.5368 0.3244
vn 0.8573 -0.1451 0.4939
vn 0.7888 -0.6143 0.0209
vn 0.8750 -0.4617 0.1457
vn 0.9143 -0.3269 0.2390
vn 0.8613 -0.5054 0.0519
vn -0.2816 -0.1714 0.9441
vn -0.2808 -0.1699 0.9446
vn -0.2763 -0.1618 0.9473
vn -0.0579 -0.2189 0.9740
vn -0.2110 -0.6622 0.7190
vn -0.2826 -0.8049 0.5218
vn -0.2858 -0.8031 0.5228
vn -0.2861 -0.8029 0.5229
vn -0.2820 -0.8052 0.5216
vn -0.2016 -0.9062 0.3717
vn -0.2004 -0.9065 0.3716
vn -0.2024 -0.9724 0.1165
vn -0.6985 0.6513 0.2963
vn -0.4836 0.8470 0.2208
vn -0.6028 0.7860 0.1371
vn -0.5658 0.8234 0.0440
vn -0.4999 0.7158 0.4876
vn -0.3822 0.8361 0.3935
vn -0.4964 0.8147 0.2997
vn -0.4309 0.9014 0.0415
vn -0.2000 0.8427 0.4998
vn -0.2390 0.9203 0.3097
vn -0.2908 0.9542 0.0705
vn -0.0440 0.8928 0.4483
vn -0.0387 0.9301 0.3653
vn -0.1140 0.9538 0.2779
vn -0.0972 0.9671 0.2352
vn -0.0592 0.9963 0.0620
vn 0.0637 0.7689 0.6362
vn 0.0788 0.9841 0.1590
vn 0.3130 0.6934 0.6490
vn 0.2004 0.9266 0.3183
vn 0.1976 0.9259 0.3221
vn 0.2008 0.9266 0.3180
vn -0.8589 0.4789 0.1815
vn 0.1479 0.9763 0.1579
vn 0.1799 0.9675 0.1779
vn -0.8173 0.3186 0.4801
vn -0.7020 0.6584 0.2714
vn -0.7029 0.6575 0.2713
vn -0.7076 0.6527 0.2706
vn -0.8408 0.5194 0.1523
vn -0.7634 0.1277 0.6332
vn -0.7582 0.3250 0.5653
vn -0.7394 0.2739 0.6151
vn -0.5378 0.7062 0.4605
vn -0.5378 0.7061 0.4606
vn -0.5378 0.7063 0.4604
vn -0.6041 0.7671 0.2160
vn -0.4250 0.9011 0.0864
vn -0.5830 0.0778 0.8088
vn -0.4040 0.1640 0.8999
vn -0.3836 0.3744 0.8442
vn -0.3780 0.3794 0.8445
vn -0.3835 0.3746 0.8442
vn -0.3778 0.3796 0.8445
vn -0.3354 0.5842 0.7391
vn -0.4571 0.7952 0.3985
vn -0.3270 0.8560 0.4005
vn -0.1171 0.5987 0.7923
vn -0.0476 0.7531 0.6562
vn -0.0508 0.7552 0.6535
vn -0.0439 0.7508 0.6590
vn -0.1501 0.9686 0.1983
vn -0.9557 -0.2846 -0.0747
vn -0.9910 0.1097 -0.0766
vn -0.9910 0.1095 -0.0765
vn -0.9908 0.1109 -0.0774
vn -0.9908 0.1111 -0.0776
vn -0.9671 0.1082 -0.2301
vn -0.9661 0.1119 -0.2327
vn -0.9670 0.1085 -0.2304
vn -0.9191 0.3269 -0.2199
vn -0.7514 -0.6435 -0.1459
vn -0.8615 0.4759 -0.1773
vn -0.8372 -0.5180 -0.1753
vn -0.8711 0.3328 -0.3612
vn -0.9129 0.3623 -0.1878
vn -0.8676 -0.3374 -0.3652
vn -0.8676 -0.3391 -0.3636
vn -0.8676 -0.3393 -0.3635
vn -0.7652 -0.5577 -0.3216
vn -0.7899 -0.3466 -0.5059
vn -0.7900 -0.3465 -0.5058
vn -0.7901 -0.3463 -0.5057
vn -0.9164 -0.1125 -0.3841
vn -0.9173 -0.1171 -0.3807
vn -0.9165 -0.1129 -0.3838
vn -0.9166 0.1160 -0.3825
vn -0.9166 0.1158 -0.3827
vn -0.9166 0.1159 -0.3826
vn -0.9166 0.1156 -0.3828
vn -0.7768 0.5544 -0.2987
vn -0.8355 -0.1187 -0.5365
vn -0.8356 -0.1188 -0.5364
vn -0.8355 -0.1185 -0.5366
vn -0.5997 -0.7990 -0.0446
vn -0.5608 -0.7969 -0.2246
vn -0.6608 -0.7000 -0.2709
vn -0.7180 -0.5226 -0.4598
vn -0.5848 -0.6024 -0.5432
vn -0.6869 0.3979 -0.6082
vn -0.6759 -0.3618 -0.6421
vn -0.6764 -0.3634 -0.6406
vn -0.6763 -0.3627 -0.6412
vn -0.7208 -0.1225 -0.6823
vn -0.7179 -0.1269 -0.6844
vn -0.7209 -0.1222 -0.6822
vn -0.7184 0.1288 -0.6836
vn -0.7175 0.1268 -0.6850
vn -0.7185 0.1290 -0.6834
vn -0.7173 0.1265 -0.6851
vn -0.4255 -0.9037 -0.0475
vn -0.3622 -0.9055 -0.2209
vn -0.5144 -0.7326 -0.4458
vn -0.4225 -0.8265 -0.3719
vn -0.4729 -0.5470 -0.6908
vn -0.5229 0.3785 -0.7637
vn -0.5231 0.3785 -0.7636
vn -0.5196 0.3819 -0.7643
vn -0.4438 0.6135 -0.6531
vn -0.4438 0.6135 -0.6532
vn -0.4437 0.6132 -0.6536
vn -0.5578 -0.1296 -0.8198
vn -0.5607 -0.1338 -0.8172
vn -0.5581 -0.1297 -0.8196
vn -0.5574 0.1298 -0.8200
vn -0.5575 0.1301 -0.8200
vn -0.5597 0.1335 -0.8179
vn -0.3162 -0.9486 -0.0131
vn -0.1837 -0.9767 -0.1106
vn -0.2480 -0.9435 -0.2196
vn -0.3371 -0.7634 -0.5510
vn -0.2874 -0.7238 -0.6273
vn -0.3214 -0.6238 -0.7125
vn -0.3330 0.3930 -0.8571
vn -0.3329 0.3931 -0.8571
vn -0.3340 0.3921 -0.8571
vn -0.2989 0.5641 -0.7697
vn -0.3563 -0.1380 -0.9241
vn -0.3561 -0.1378 -0.9242
vn -0.3562 -0.1380 -0.9241
vn -0.3585 0.1387 -0.9232
vn -0.3583 0.1385 -0.9233
vn -0.3581 0.1382 -0.9234
vn -0.0239 -0.9979 -0.0597
vn -0.0612 -0.8519 -0.5201
vn -0.0649 -0.7780 -0.6250
vn -0.0652 -0.7778 -0.6252
vn -0.0677 -0.7756 -0.6276
vn -0.0679 -0.7754 -0.6278
vn -0.0615 -0.6347 -0.7703
vn -0.1010 -0.6078 -0.7877
vn -0.0862 0.6453 -0.7591
vn -0.1147 -0.3985 -0.9100
vn -0.1157 -0.3995 -0.9094
vn -0.1268 -0.1401 -0.9820
vn -0.1207 -0.1463 -0.9819
vn -0.1210 -0.1462 -0.9818
vn -0.1137 -0.3975 -0.9105
vn -0.1267 -0.1398 -0.9820
vn -0.1283 0.1455 -0.9810
vn -0.1280 0.1454 -0.9811
vn -0.1226 0.1393 -0.9826
vn -0.1226 0.1390 -0.9827
vn -0.1157 0.3988 -0.9097
vn -0.1158 0.3988 -0.9097
vn -0.1273 -0.9916 -0.0205
vn -0.9500 -0.1863 -0.2505
vn 0.0211 -0.9420 -0.3350
vn 0.0285 -0.9435 -0.3302
vn 0.0294 -0.9436 -0.3298
vn 0.0333 -0.8849 -0.4646
vn 0.1306 -0.1339 -0.9823
vn 0.1299 0.1403 -0.9816
vn 0.1273 0.1373 -0.9823
vn 0.1274 0.1369 -0.9824
vn 0.1153 0.4016 -0.9085
vn 0.1177 0.3991 -0.9093
vn 0.1150 0.4016 -0.9086
vn 0.1046 0.5812 -0.8070
vn -0.6048 -0.7910 -0.0926
vn -0.4534 -0.8638 -0.2197
vn -0.5621 -0.7619 -0.3217
vn -0.8880 -0.2396 -0.3925
vn -0.8372 -0.3585 -0.4131
vn -0.8425 0.1120 -0.5269
vn -0.6425 -0.4076 -0.6489
vn 0.1998 -0.8458 -0.4947
vn 0.2286 -0.7493 -0.6215
vn 0.2400 -0.7656 -0.5969
vn 0.2631 -0.6354 -0.7260
vn 0.2478 0.6278 -0.7378
vn 0.3343 -0.3891 -0.8584
vn 0.3609 -0.1345 -0.9229
vn 0.3642 -0.1388 -0.9209
vn 0.3605 -0.1345 -0.9230
vn 0.3349 0.3893 -0.8581
vn 0.3353 0.3888 -0.8581
vn 0.3615 0.1371 -0.9222
vn 0.3614 0.1372 -0.9223
vn 0.3608 0.1379 -0.9224
vn 0.3621 0.1365 -0.9221
vn -0.2837 -0.9578 -0.0452
vn -0.1072 -0.9262 -0.3614
vn -0.1038 -0.9248 -0.3659
vn -0.1080 -0.9265 -0.3605
vn -0.2728 -0.7499 -0.6026
vn 0.1301 -0.7252 -0.6762
vn -0.1428 -0.0100 -0.9897
vn 0.2023 -0.0001 -0.9793
vn -0.2280 0.0835 -0.9701
vn 0.4344 -0.7819 -0.4472
vn 0.4388 -0.7557 -0.4861
vn 0.5264 -0.6173 -0.5846
vn 0.5763 -0.4123 -0.7056
vn 0.5809 0.1324 -0.8031
vn 0.5898 -0.1380 -0.7956
vn 0.3248 -0.9455 -0.0230
vn 0.1156 -0.9823 -0.1473
vn 0.5587 -0.8159 -0.1489
vn 0.2950 -0.8579 -0.4208
vn 0.6921 -0.4008 -0.6003
vn 0.4761 0.3973 -0.7845
vn 0.4118 0.5430 -0.7318
vn 0.7458 0.1238 -0.6546
vn -0.4182 -0.8026 -0.4254
vn 0.8060 0.1411 -0.5749
vn -0.5238 -0.6867 -0.5041
vn -0.4842 0.2583 -0.8360
vn -0.6010 0.1645 -0.7821
vn 0.6922 -0.1089 -0.7135
vn 0.6062 0.0046 -0.7953
vn -0.6177 -0.1046 -0.7794
vn 0.7266 -0.6703 -0.1509
vn 0.7285 -0.6678 -0.1526
vn 0.7264 -0.6706 -0.1507
vn 0.7392 -0.5647 -0.3670
vn 0.8448 -0.3499 -0.4049
vn 0.8871 -0.1034 -0.4499
vn -0.1983 -0.8182 -0.5396
vn -0.3362 -0.8378 -0.4302
vn -0.4964 -0.6283 -0.5990
vn -0.5498 -0.4472 -0.7055
vn -0.5514 -0.4514 -0.7016
vn -0.5518 -0.4524 -0.7007
vn -0.4508 -0.1584 -0.8784
vn -0.4496 -0.1604 -0.8787
vn -0.4511 -0.1581 -0.8784
vn -0.4091 -0.4473 -0.7953
vn -0.4044 -0.4524 -0.7948
vn -0.4097 -0.4465 -0.7954
vn -0.4037 -0.4532 -0.7948
vn -0.4152 0.4155 -0.8093
vn -0.4011 -0.3589 -0.8428
vn -0.3788 -0.3786 -0.8445
vn -0.4222 -0.1502 -0.8940
vn -0.4062 -0.1324 -0.9042
vn -0.2687 -0.9632 -0.0035
vn -0.3288 -0.6924 -0.6422
vn -0.3298 -0.6954 -0.6385
vn -0.3296 -0.6956 -0.6384
vn -0.3286 -0.6916 -0.6432
vn -0.2519 -0.4472 -0.8582
vn -0.2498 -0.4497 -0.8576
vn -0.2522 -0.4469 -0.8583
vn -0.3962 0.4421 -0.8047
vn -0.2941 -0.5705 -0.7668
vn -0.2598 0.4159 -0.8715
vn -0.1311 -0.3908 -0.9111
vn -0.1330 -0.3924 -0.9101
vn -0.1328 -0.3923 -0.9102
vn -0.1517 -0.1316 -0.9796
vn -0.7071 0.7050 -0.0551
vn -0.6352 0.7227 -0.2725
vn -0.4352 0.8954 -0.0940
vn -0.2116 0.9732 -0.0902
vn -0.2360 0.9121 -0.3353
vn -0.3869 0.7585 -0.5244
vn -0.0403 0.9989 -0.0247
vn -0.0898 0.9677 -0.2355
vn -0.0872 0.8515 -0.5171
vn -0.1051 0.7642 -0.6364
vn -0.0755 0.7389 -0.6696
vn 0.1247 0.9811 -0.1476
vn 0.0355 0.9260 -0.3760
vn 0.0412 0.8814 -0.4706
vn 0.0897 0.8640 -0.4953
vn 0.1120 0.7855 -0.6086
vn -0.8739 0.4848 -0.0357
vn 0.1636 0.9711 -0.1738
vn 0.1899 0.9167 -0.3515
vn 0.2276 0.9284 -0.2936
vn 0.2462 0.8624 -0.4424
vn 0.3468 0.7522 -0.5604
vn 0.2218 0.7302 -0.6463
vn -0.8274 0.5185 -0.2159
vn -0.8184 0.4935 -0.2943
vn -0.8723 0.3579 -0.3331
vn -0.7601 0.5328 -0.3720
vn -0.6427 0.6673 -0.3764
vn 0.3717 0.7381 -0.5630
vn -0.8007 0.1558 -0.5784
vn -0.8286 0.3164 -0.4619
vn -0.8298 0.3156 -0.4603
vn -0.8298 0.3156 -0.4602
vn -0.7566 0.4986 -0.4230
vn -0.4164 0.8323 -0.3658
vn -0.6082 0.5677 -0.5549
vn -0.5233 0.5393 -0.6598
vn -0.5348 0.6955 -0.4798
vn -0.5363 0.7002 -0.4713
vn -0.5346 0.6951 -0.4806
vn -0.6064 0.3304 -0.7233
vn -0.2279 0.9735 -0.0207
vn -0.3791 0.3817 -0.8429
vn -0.3792 0.3817 -0.8429
vn -0.3800 0.3810 -0.8429
vn -0.3229 0.6189 -0.7160
vn -0.3199 0.6158 -0.7200
vn -0.3199 0.6155 -0.7203
vn -0.4073 0.1346 -0.9033
vn -0.4073 0.1345 -0.9033
vn -0.4081 0.1354 -0.9029
vn -0.4065 0.1337 -0.9038
vn -0.1868 0.9535 -0.2366
vn -0.1446 0.9290 -0.3407
vn -0.2092 0.8528 -0.4785
vn -0.1413 0.1435 -0.9795
vn -0.1512 0.1345 -0.9793
vn -0.1462 0.1392 -0.9794
vn -0.1322 0.3930 -0.9100
vn -0.1304 0.3914 -0.9109
vn -0.1322 0.3928 -0.9101
vn -0.2749 0.1617 0.9478
vn -0.2745 0.1609 0.9480
vn -0.2772 0.1658 0.9464
vn -0.2204 0.4807 0.8488
vn 0.1781 -0.3954 0.9011
vn 0.0618 -0.2163 0.9744
vn 0.1507 -0.1353 0.9793
vn -0.1750 -0.6899 0.7025
vn -0.0851 -0.4466 0.8907
vn -0.0872 -0.4498 0.8889
vn -0.0869 -0.4493 0.8892
vn -0.0930 -0.1620 0.9824
vn -0.0928 -0.1623 0.9824
vn -0.0941 -0.1602 0.9826
vn -0.0848 -0.4461 0.8909
vn -0.0936 0.1567 0.9832
vn -0.0948 0.4522 0.8869
vn -0.0929 0.4538 0.8862
vn -0.0954 0.4516 0.8871
vn 0.3872 -0.3467 0.8543
vn 0.4042 -0.1355 0.9046
vn 0.4046 -0.1359 0.9043
vn 0.4042 -0.1354 0.9046
vn -0.0421 -0.9099 0.4126
vn -0.0655 -0.9633 0.2603
vn -0.0686 -0.9795 0.1894
vn 0.0696 -0.6879 0.7224
vn 0.0736 -0.6932 0.7170
vn 0.0703 -0.6890 0.7214
vn 0.0827 -0.4449 0.8918
vn 0.0849 -0.4482 0.8899
vn 0.0830 -0.4453 0.8915
vn -0.0225 0.6714 0.7408
vn 0.0829 0.4471 0.8906
vn 0.0821 0.4483 0.8901
vn 0.0828 0.4473 0.8905
vn 0.0819 0.4484 0.8901
vn 0.0734 0.6476 0.7584
vn 0.0621 -0.8052 0.5897
vn 0.0620 -0.8051 0.5899
vn 0.0619 -0.8049 0.5902
vn 0.5097 -0.4186 0.7517
vn 0.0948 -0.1619 0.9822
vn 0.0921 -0.1662 0.9818
vn 0.0953 -0.1611 0.9823
vn 0.0959 0.1554 0.9832
vn 0.0966 0.1543 0.9833
vn 0.0922 0.1615 0.9826
vn 0.0914 0.1626 0.9824
vn 0.2732 0.1596 0.9486
vn 0.2718 0.1618 0.9487
vn 0.2715 0.1623 0.9486
vn 0.0620 -0.8052 0.5898
vn 0.0736 -0.6934 0.7168
vn 0.1782 0.7747 0.6067
vn 0.1857 0.7002 0.6894
vn 0.1211 -0.9401 0.3186
vn 0.2740 -0.1630 0.9478
vn 0.2724 -0.1601 0.9488
vn 0.2721 -0.1596 0.9489
vn 0.2491 -0.4460 0.8597
vn 0.2478 -0.4475 0.8593
vn 0.2492 -0.4459 0.8597
vn 0.2511 0.4529 0.8555
vn 0.2506 0.4521 0.8560
vn 0.2479 0.4471 0.8595
vn 0.2446 -0.8174 0.5216
vn 0.2491 -0.8145 0.5240
vn 0.2486 -0.8149 0.5236
vn 0.4457 0.1649 0.8799
vn 0.4514 0.1561 0.8786
vn 0.4466 0.1634 0.8797
vn 0.3938 -0.4536 0.7994
vn 0.4317 -0.4037 0.8066
vn 0.4050 0.4521 0.7947
vn 0.4045 0.4510 0.7956
vn 0.4052 0.4522 0.7946
vn -0.7540 -0.1417 0.6414
vn 0.3539 0.6312 0.6902
vn -0.8142 -0.4209 0.3999
vn -0.7448 -0.5779 0.3336
vn -0.7222 -0.6628 0.1977
vn -0.8018 -0.5806 0.1414
vn -0.6592 -0.2675 0.7027
vn -0.6122 -0.1614 0.7740
vn -0.6065 0.2200 0.7641
vn 0.4497 -0.2089 0.8684
vn 0.5455 0.4398 0.7134
vn -0.6633 -0.5007 0.5562
vn 0.4256 0.6931 0.5818
vn 0.4629 0.6633 0.5880
vn -0.5941 -0.7270 0.3442
vn -0.4670 -0.8183 0.3352
vn -0.0711 -0.2190 0.9731
vn -0.5649 -0.8171 0.1150
vn -0.4175 -0.9087 0.0037
vn -0.4095 0.1692 0.8965
vn -0.4091 0.1698 0.8965
vn -0.4042 0.1762 0.8975
vn -0.4037 0.1768 0.8977
vn -0.3127 0.5258 0.7911
vn -0.4245 -0.7268 0.5400
vn -0.3398 0.7037 0.6240
vn -0.3469 -0.8176 0.4596
vn 0.5995 0.1806 0.7797
vn 0.5987 0.1818 0.7801
vn 0.5994 0.1807 0.7798
vn 0.7286 0.1810 0.6606
vn 0.6754 0.4506 0.5838
vn 0.6743 0.4433 0.5906
vn 0.6756 0.4516 0.5828
vn 0.6742 0.4422 0.5915
vn -0.4289 -0.8571 0.2854
vn 0.0671 -0.2730 0.9597
vn 0.0545 -0.4321 0.9002
vn -0.2445 -0.9396 0.2396
vn -0.3265 -0.9371 0.1236
vn -0.3659 -0.9302 0.0297
vn -0.1485 0.1847 0.9715
vn -0.1442 0.1792 0.9732
vn -0.1482 0.1843 0.9716
vn -0.1282 0.4963 0.8586
vn -0.1627 0.5329 0.8304
vn -0.3346 -0.6528 0.6796
vn -0.1638 -0.9444 0.2852
vn -0.0301 0.9250 0.3789
vn 0.7660 0.4464 0.4627
vn 0.2024 -0.4625 0.8632
vn 0.2239 -0.6573 0.7196
vn 0.1810 -0.2518 0.9507
vn 0.3182 -0.4765 0.8196
vn -0.0834 -0.9898 0.1159
vn 0.1469 -0.6606 0.7362
vn 0.1232 -0.4918 0.8619
vn 0.1468 -0.1805 0.9726
vn 0.1465 -0.1810 0.9725
vn 0.1416 -0.1870 0.9721
vn 0.1688 0.5343 0.8283
vn -0.0347 0.7246 0.6883
vn 0.1534 0.6416 0.7516
vn -0.0424 -0.8691 0.4928
vn 0.0719 -0.9526 0.2957
vn -0.0248 -0.9879 0.1533
vn 0.1639 -0.9772 0.1350
vn 0.3674 -0.4324 0.8235
vn 0.2879 -0.7337 0.6155
vn 0.4549 -0.6161 0.6430
vn 0.2699 0.7225 0.6366
vn 0.3213 -0.8369 0.4431
vn 0.2313 0.8426 0.4863
vn 0.2791 -0.8794 0.3857
vn 0.2273 -0.9557 0.1869
vn 0.2260 -0.9561 0.1866
vn 0.2289 -0.9553 0.1871
vn 0.5863 0.3252 0.7419
vn 0.4492 -0.5002 0.7403
vn 0.1903 0.9245 0.3303
vn 0.5517 -0.4548 0.6991
vn 0.6153 -0.1574 0.7724
vn 0.6096 -0.1660 0.7751
vn 0.6158 -0.1565 0.7722
vn 0.6088 0.1660 0.7758
vn 0.6081 0.1671 0.7761
vn 0.6144 0.1575 0.7731
vn 0.5513 0.4535 0.7002
vn 0.7613 0.1549 0.6296
vn 0.7598 0.1498 0.6327
vn 0.7615 0.1558 0.6292
vn 0.5010 0.5056 0.7024
vn 0.4450 0.6414 0.6250
vn 0.5931 -0.6225 0.5106
vn 0.4525 -0.8509 0.2670
vn 0.5154 -0.8013 0.3037
vn 0.2381 0.9180 0.3171
vn 0.2350 0.9189 0.3170
vn 0.2372 0.9183 0.3171
vn -0.7735 0.1653 0.6119
vn -0.7085 -0.1381 0.6920
vn -0.6711 0.3642 0.6457
vn -0.4495 0.6889 0.5686
vn 0.0738 0.7908 0.6076
vn -0.7484 -0.3015 0.5908
vn -0.5777 0.6315 0.5172
vn 0.6172 -0.1391 0.7744
vn 0.7741 -0.1968 0.6018
vn 0.7595 0.1491 0.6332
vn 0.7089 -0.4583 0.5362
vn 0.8712 -0.0965 0.4813
vn 0.6581 0.6431 0.3916
vn 0.7913 0.5247 0.3138
vn -0.4629 -0.5797 0.6706
vn 0.5812 0.7324 0.3547
vn -0.4494 -0.1301 0.8838
vn -0.2982 -0.4557 0.8387
vn 0.6329 -0.7634 0.1291
vn 0.7608 -0.0926 0.6424
vn 0.0361 0.9626 0.2684
vn 0.0742 -0.3725 0.9251
vn 0.1469 -0.1602 0.9761
vn 0.8511 -0.3904 0.3509
vn 0.9077 -0.1976 0.3702
vn 0.9332 -0.1283 0.3358
vn 0.8421 0.4391 0.3132
vn 0.8416 0.4398 0.3137
vn 0.8462 0.4333 0.3101
vn 0.0890 -0.8009 0.5921
vn -0.1042 0.6080 0.7871
vn 0.1310 0.4725 0.8716
vn 0.3233 0.5258 0.7868
vn 0.3218 0.5226 0.7895
vn 0.3237 0.5259 0.7866
vn 0.2362 0.8042 0.5454
vn 0.8958 -0.4160 0.1566
vn 0.9052 0.3785 0.1934
vn 0.9051 0.3787 0.1932
vn 0.9049 0.3811 0.1898
vn 0.0486 -0.8156 0.5766
vn 0.0632 -0.9194 0.3882
vn 0.0151 0.9622 0.2718
vn 0.0094 0.9632 0.2688
vn 0.0161 0.9621 0.2723
vn 0.9903 0.1310 0.0463
vn 0.6418 -0.6857 0.3434
vn 0.9041 -0.3268 0.2752
vn 0.1512 -0.9732 0.1732
vn 0.9893 -0.1284 0.0687
vn 0.9429 -0.3270 0.0640
vn 0.5307 -0.8415 0.1008
vn 0.1394 0.9902 -0.0082
vn 0.4672 -0.6956 0.5458
vn 0.5133 0.0885 0.8536
vn 0.6166 0.4759 0.6271
vn 0.2725 -0.9122 0.3059
vn 0.2720 -0.9123 0.3062
vn 0.2726 -0.9125 0.3051
vn 0.3375 -0.7980 0.4993
vn 0.4519 -0.8561 0.2509
vn 0.4003 0.8835 0.2434
vn 0.7156 -0.3213 0.6202
vn 0.6566 -0.6459 0.3894
vn 0.7922 -0.4446 0.4181
vn 0.9231 -0.1509 0.3537
vn 0.8024 0.1732 0.5711
vn 0.9452 -0.1071 0.3084
vn 0.9139 0.2873 0.2869
vn 0.9268 -0.3697 0.0655
vn 0.5133 0.8570 0.0451
vn 0.9734 -0.1761 0.1463
vn 0.1513 0.1312 0.9797
vn 0.1343 0.3927 0.9098
vn 0.1302 0.3890 0.9120
vn 0.1342 0.3924 0.9099
vn 0.1229 0.5680 0.8138
vn 0.1668 0.9385 0.3022
vn 0.1133 0.9930 0.0342
vn 0.4047 0.1315 0.9050
vn 0.4055 0.1324 0.9044
vn 0.4055 0.1325 0.9044
vn 0.6145 0.1252 0.7789
vn 0.6126 0.1226 0.7808
vn 0.6146 0.1254 0.7788
vn 0.3816 0.3824 0.8415
vn 0.3795 0.3805 0.8433
vn 0.3773 0.3782 0.8453
vn 0.3816 0.3826 0.8414
vn 0.3303 0.5837 0.7418
vn 0.5327 0.5784 0.6179
vn 0.2496 0.7435 0.6204
vn 0.2035 0.8564 0.4745
vn 0.3661 0.9110 0.1900
vn 0.2460 0.9688 0.0299
vn 0.7649 0.1144 0.6340
vn 0.7648 0.1144 0.6340
vn 0.7647 0.1141 0.6342
vn 0.6928 0.4834 0.5352
vn 0.6394 0.6728 0.3722
vn 0.6398 0.6688 0.3786
vn 0.6394 0.6730 0.3717
vn 0.5260 0.8169 0.2367
vn 0.4792 0.8573 0.1881
vn 0.7650 0.1147 0.6338
vn 0.7287 0.3319 0.5990
vn 0.8633 0.1063 0.4933
vn 0.8138 0.4898 0.3126
vn -0.3785 0.0553 0.9239
vn -0.3133 0.4918 0.8124
vn -0.3834 0.6571 0.6491
vn -0.3840 0.6573 0.6485
vn -0.3833 0.6577 0.6485
vn -0.5291 0.7975 0.2900
vn -0.2260 0.5230 0.8218
vn -0.2245 0.9675 0.1161
vn -0.1394 0.6747 0.7248
vn -0.0562 0.8995 0.4334
vn 0.1017 0.0582 0.9931
vn 0.0789 0.2252 0.9711
vn 0.0791 0.7897 0.6084
vn -0.0310 0.9525 0.3031
vn 0.1287 0.9524 0.2763
vn 0.1845 0.5159 0.8366
vn 0.1864 0.5191 0.8342
vn 0.1862 0.5187 0.8345
vn 0.1840 0.5150 0.8372
vn 0.2065 0.6940 0.6897
vn 0.2281 0.9568 0.1801
vn 0.2196 0.8446 0.4884
vn 0.4264 0.9030 0.0535
vn 0.7834 0.3010 0.5438
vn 0.8137 0.1284 0.5670
vn 0.8139 0.1279 0.5667
vn 0.8170 0.1231 0.5633
vn 0.8171 0.1230 0.5632
vn 0.8496 0.4070 0.3353
vn 0.9872 0.1212 0.1034
vn -0.1038 -0.9914 -0.0795
vn -0.1604 -0.8261 -0.5402
vn -0.2168 -0.6266 -0.7486
vn -0.2495 -0.4501 -0.8574
vn -0.2180 0.4717 -0.8544
vn 0.1482 -0.1390 -0.9791
vn 0.1481 -0.1391 -0.9791
vn 0.1469 -0.1402 -0.9792
vn -0.0612 -0.9979 -0.0209
vn -0.0355 -0.9641 -0.2633
vn -0.0946 -0.1585 -0.9828
vn -0.0914 -0.1639 -0.9822
vn -0.0919 -0.1630 -0.9823
vn -0.0990 0.1725 -0.9800
vn -0.0982 0.1710 -0.9804
vn -0.0939 0.1634 -0.9821
vn -0.0930 0.1619 -0.9824
vn -0.0870 0.4602 -0.8835
vn 0.3820 -0.3776 -0.8435
vn 0.3817 -0.3781 -0.8434
vn 0.3821 -0.3776 -0.8435
vn 0.5780 -0.3008 -0.7586
vn 0.4033 -0.1323 -0.9054
vn 0.4033 -0.1324 -0.9054
vn 0.4021 -0.1336 -0.9058
vn 0.0381 -0.9414 -0.3351
vn 0.0309 -0.8363 -0.5474
vn 0.0285 -0.8875 -0.4599
vn -0.0657 -0.7746 -0.6291
vn -0.0670 -0.6881 -0.7225
vn 0.6128 -0.1556 -0.7747
vn -0.0816 -0.4466 -0.8910
vn -0.0799 -0.4488 -0.8901
vn -0.0818 -0.4464 -0.8911
vn 0.6428 -0.1224 -0.7562
vn 0.0312 -0.9993 -0.0210
vn 0.1495 -0.7820 -0.6051
vn 0.0742 -0.6287 -0.7741
vn 0.0956 0.1610 -0.9823
vn 0.0950 0.1601 -0.9825
vn 0.0984 0.1658 -0.9812
vn 0.0941 -0.1604 -0.9826
vn 0.0961 -0.1638 -0.9818
vn 0.0938 -0.1597 -0.9827
vn 0.0889 0.4415 -0.8928
vn 0.0833 0.4488 -0.8897
vn 0.0897 0.4405 -0.8933
vn 0.1538 -0.9513 -0.2672
vn 0.1760 -0.6889 -0.7032
vn 0.2764 -0.1633 -0.9471
vn 0.2758 -0.1624 -0.9474
vn 0.2764 -0.1635 -0.9470
vn 0.2520 -0.4498 -0.8569
vn 0.2510 -0.4480 -0.8581
vn 0.2511 -0.4482 -0.8579
vn 0.2757 -0.1621 -0.9475
vn 0.2767 0.4915 -0.8257
vn -0.7740 -0.6316 -0.0434
vn -0.6260 -0.7512 -0.2095
vn -0.8147 -0.5464 -0.1943
vn -0.7704 -0.4723 -0.4283
vn -0.2948 -0.1049 -0.9498
vn -0.7739 -0.3886 -0.5001
vn 0.4410 0.6717 -0.5952
vn 0.3217 -0.6671 -0.6719
vn 0.3580 -0.6391 -0.6808
vn 0.4727 -0.1617 -0.8663
vn -0.4127 -0.9072 -0.0817
vn -0.5315 -0.7848 -0.3188
vn -0.5306 -0.7969 -0.2887
vn -0.6311 -0.2072 -0.7475
vn -0.7564 0.1142 -0.6441
vn 0.4538 0.1582 -0.8770
vn 0.4524 0.1605 -0.8773
vn 0.4540 0.1577 -0.8769
vn 0.4509 -0.2045 -0.8688
vn 0.6114 0.1626 -0.7744
vn 0.4189 0.4148 -0.8077
vn 0.5071 0.4979 -0.7035
vn -0.3362 -0.9210 -0.1969
vn -0.3751 -0.8157 -0.4404
vn 0.6010 0.1803 -0.7787
vn 0.7305 0.1740 -0.6603
vn 0.6772 0.4549 -0.5784
vn -0.4809 -0.6753 -0.5592
vn -0.6094 -0.1607 -0.7764
vn -0.5642 -0.4569 -0.6877
vn -0.5668 0.4293 -0.7032
vn -0.6047 0.2211 -0.7652
vn -0.6350 0.1682 -0.7540
vn -0.4061 0.6672 -0.6244
vn -0.3616 -0.4803 -0.7991
vn -0.3603 -0.4815 -0.7989
vn -0.3593 -0.4824 -0.7988
vn -0.3592 -0.4826 -0.7988
vn -0.4051 -0.1720 -0.8980
vn -0.4040 -0.1734 -0.8982
vn -0.4051 -0.1718 -0.8980
vn -0.4064 0.1823 -0.8953
vn -0.4051 0.1804 -0.8963
vn -0.4064 0.1825 -0.8953
vn -0.3738 0.4217 -0.8261
vn -0.1444 -0.9875 -0.0636
vn -0.1281 -0.9573 -0.2590
vn -0.0392 -0.9574 -0.2861
vn -0.0084 0.9458 -0.3246
vn 0.7617 0.4370 -0.4783
vn -0.2626 -0.6963 -0.6679
vn -0.2808 -0.7177 -0.6372
vn -0.4050 0.1803 -0.8964
vn -0.1189 0.5313 -0.8388
vn 0.0691 -0.9960 -0.0563
vn 0.1223 -0.9639 -0.2364
vn 0.3044 -0.6215 -0.7218
vn 0.3542 -0.2810 -0.8920
vn 0.3497 -0.2780 -0.8947
vn 0.3273 -0.1356 -0.9352
vn 0.0445 -0.7406 -0.6705
vn 0.1025 0.8496 -0.5174
vn -0.1006 -0.6892 -0.7176
vn 0.1029 -0.7066 -0.7001
vn 0.1282 -0.4958 -0.8589
vn 0.1267 -0.4942 -0.8601
vn 0.1251 -0.4931 -0.8610
vn 0.1456 -0.1804 -0.9728
vn 0.1454 -0.1807 -0.9727
vn 0.1481 -0.1774 -0.9729
vn 0.1483 -0.1771 -0.9730
vn 0.1450 0.1812 -0.9727
vn 0.1469 0.1788 -0.9729
vn 0.1447 0.1813 -0.9727
vn 0.1278 0.4952 -0.8593
vn 0.1279 0.4953 -0.8593
vn 0.1274 0.4947 -0.8597
vn -0.1485 0.4939 -0.8568
vn 0.1891 -0.9819 -0.0065
vn 0.4134 -0.5528 -0.7235
vn 0.4803 0.6562 -0.5819
vn 0.4171 -0.5754 -0.7035
vn 0.2255 0.9057 -0.3590
vn -0.8405 -0.2406 -0.4855
vn 0.4441 -0.4999 -0.7436
vn 0.2085 0.9339 -0.2904
vn 0.3901 -0.5189 -0.7606
vn 0.3294 0.6885 -0.6461
vn 0.2843 0.7266 -0.6255
vn 0.4016 -0.1726 -0.8994
vn 0.4018 -0.1727 -0.8993
vn 0.4035 -0.1754 -0.8980
vn 0.4037 -0.1757 -0.8979
vn 0.4050 0.1730 -0.8978
vn 0.4017 0.1776 -0.8984
vn 0.4018 0.1771 -0.8984
vn 0.4054 0.1727 -0.8977
vn 0.3836 -0.9234 -0.0137
vn 0.3264 -0.9284 -0.1775
vn -0.7794 0.1649 -0.6045
vn -0.5646 0.6499 -0.5087
vn 0.6865 -0.0691 -0.7238
vn 0.3970 -0.8609 -0.3181
vn 0.4631 -0.8518 -0.2450
vn 0.4594 -0.8550 -0.2408
vn 0.4602 -0.8543 -0.2418
vn 0.4629 -0.8517 -0.2455
vn 0.3282 0.8931 -0.3077
vn 0.3788 0.6774 -0.6305
vn -0.8337 0.1168 -0.5397
vn -0.6846 -0.3982 -0.6105
vn -0.5708 -0.1177 -0.8126
vn -0.6568 0.4211 -0.6255
vn 0.4606 0.7873 -0.4099
vn 0.6144 0.1608 -0.7724
vn 0.6189 0.1538 -0.7702
vn 0.6137 0.1617 -0.7728
vn 0.6193 0.1530 -0.7701
vn 0.6995 0.4220 -0.5767
vn 0.4888 -0.8711 -0.0479
vn 0.8263 0.2981 -0.4778
vn -0.1587 0.9190 -0.3609
vn -0.1589 0.9190 -0.3609
vn -0.1581 0.9191 -0.3610
vn 0.5666 -0.7842 -0.2531
vn 0.7997 -0.4415 -0.4069
vn -0.4514 -0.6548 -0.6062
vn -0.0519 -0.4924 -0.8688
vn -0.3283 -0.6633 -0.6725
vn 0.8645 -0.1433 -0.4819
vn 0.8674 -0.1360 -0.4786
vn 0.8649 -0.1421 -0.4814
vn 0.8679 -0.1349 -0.4781
vn 0.6434 0.5950 -0.4817
vn 0.8163 0.3590 -0.4526
vn 0.7615 0.1574 -0.6288
vn 0.7640 0.1528 -0.6269
vn 0.7611 0.1581 -0.6291
vn 0.7643 0.1521 -0.6266
vn 0.6233 -0.7811 -0.0378
vn 0.9180 -0.3947 -0.0385
vn 0.9797 -0.1271 -0.1550
vn 0.9753 -0.2004 -0.0933
vn 0.9748 -0.1453 -0.1692
vn 0.9827 0.0734 -0.1703
vn 0.7047 -0.5433 -0.4564
vn 0.2285 -0.9354 -0.2698
vn 0.2228 -0.9368 -0.2699
vn 0.2251 -0.9362 -0.2698
vn 0.0127 0.9846 -0.1743
vn 0.8879 -0.4077 -0.2131
vn 0.9710 0.1313 -0.1999
vn 0.7397 0.5916 -0.3208
vn 0.9317 -0.1352 -0.3373
vn 0.9327 -0.1317 -0.3357
vn 0.9318 -0.1345 -0.3371
vn 0.8681 0.1357 -0.4775
vn 0.8668 0.1389 -0.4790
vn 0.8683 0.1352 -0.4773
vn 0.8494 0.4293 -0.3070
vn 0.8494 0.4295 -0.3068
vn 0.8493 0.4296 -0.3067
vn 0.0962 0.6100 -0.7865
vn -0.0290 0.8643 -0.5021
vn 0.0959 0.8412 -0.5322
vn 0.3260 -0.9442 -0.0466
vn 0.3190 -0.9467 -0.0441
vn 0.3262 -0.9442 -0.0467
vn 0.2044 0.9789 0.0018
vn 0.2913 0.9157 -0.2768
vn 0.4691 -0.1747 -0.8657
vn 0.7724 0.1966 -0.6039
vn 0.6001 -0.7897 -0.1272
vn 0.6949 -0.7162 -0.0643
vn 0.9225 -0.3858 0.0087
vn 0.9186 0.3838 -0.0942
vn 0.6664 0.7366 -0.1154
vn 0.9006 0.3237 -0.2900
vn 0.6602 -0.6644 -0.3504
vn 0.9043 -0.0867 -0.4180
vn 0.9838 -0.1243 -0.1289
vn 0.0369 0.9989 -0.0300
vn 0.0859 0.9835 -0.1590
vn 0.1394 0.9739 -0.1792
vn 0.0602 0.9211 -0.3847
vn 0.0837 0.8600 -0.5034
vn 0.0843 0.8601 -0.5031
vn 0.0838 0.8600 -0.5033
vn 0.3302 0.9435 -0.0295
vn 0.3490 0.8362 -0.4230
vn 0.3491 0.8366 -0.4221
vn 0.3492 0.8367 -0.4220
vn 0.3487 0.8358 -0.4241
vn 0.2224 0.9358 -0.2735
vn 0.2219 0.9355 -0.2749
vn 0.2221 0.9357 -0.2742
vn 0.3644 0.6046 -0.7083
vn 0.4065 0.1315 -0.9041
vn 0.4053 0.1301 -0.9049
vn 0.4078 0.1328 -0.9034
vn 0.3821 0.3794 -0.8427
vn 0.3820 0.3795 -0.8427
vn 0.3842 0.3775 -0.8425
vn 0.5885 0.7994 -0.1208
vn 0.4592 0.8828 -0.0996
vn 0.5434 0.7859 -0.2950
vn 0.5233 0.7988 -0.2969
vn 0.6202 0.7113 -0.3307
vn 0.6434 0.5517 -0.5307
vn 0.7659 0.1142 -0.6327
vn 0.7642 0.1105 -0.6355
vn 0.7640 0.1104 -0.6357
vn 0.5795 0.3565 -0.7328
vn 0.5776 0.3539 -0.7356
vn 0.5796 0.3565 -0.7328
vn 0.7346 0.6144 -0.2880
vn -0.7202 0.4876 -0.4936
vn 0.8652 0.0724 -0.4961
vn 0.7896 0.4691 -0.3955
vn 0.8775 0.1046 -0.4680
vn 0.8369 0.3103 -0.4509
vn 0.7660 0.1145 -0.6325
vn 0.7295 0.3318 -0.5982
vn 0.7295 0.3319 -0.5981
vn 0.7292 0.3313 -0.5987
vn -0.3531 0.9319 -0.0834
vn -0.4325 0.8396 -0.3286
vn -0.3329 0.9046 -0.2661
vn -0.3460 0.6727 -0.6540
vn -0.3389 0.6863 -0.6435
vn -0.3360 0.0676 -0.9394
vn -0.3210 0.3683 -0.8725
vn -0.3205 0.3687 -0.8725
vn -0.2660 0.9098 -0.3185
vn -0.2038 0.7837 -0.5867
vn -0.2216 0.1613 -0.9617
vn -0.2835 0.4452 -0.8494
vn -0.0575 0.9640 -0.2596
vn -0.0564 0.7912 -0.6090
vn -0.0663 0.1303 -0.9892
vn -0.0646 0.1268 -0.9898
vn -0.0662 0.1308 -0.9892
vn 0.0415 0.9989 -0.0214
vn -0.0268 0.4326 -0.9012
vn 0.2051 0.9770 -0.0588
vn 0.1858 0.6107 -0.7697
vn 0.3314 0.9415 -0.0606
vn 0.2536 0.2037 -0.9456
vn 0.4283 0.8607 -0.2754
vn 0.4996 0.0586 -0.8643
vn 0.6098 0.7577 -0.2323
vn 0.7892 0.3366 -0.5137
vn 0.7054 0.5241 -0.4771
vn 0.6639 0.5664 -0.4883
vn 0.5799 0.6900 -0.4331
vn 0.6834 0.1150 -0.7209
vn 0.6817 0.1174 -0.7222
vn 0.6835 0.1148 -0.7209
vn 0.6547 0.3024 -0.6928
vn 0.7463 0.3990 -0.5328
vn 0.8523 0.5077 -0.1256
vn 0.8987 0.4205 -0.1246
vn 0.9038 0.4066 -0.1338
vn 0.9422 0.1031 -0.3188
vn -0.9665 -0.1111 0.2312
vn -0.9668 -0.1157 0.2278
vn -0.9665 -0.1107 0.2317
vn -0.9178 -0.1167 0.3794
vn -0.9668 0.1126 0.2293
vn -0.9668 -0.1162 0.2274
vn -0.9912 -0.1074 0.0770
vn -0.9912 -0.1088 0.0760
vn -0.9912 -0.1072 0.0772
vn -0.9208 0.3245 0.2163
vn -0.8620 -0.5010 0.0775
vn -0.9307 -0.3590 0.0707
vn -0.9911 -0.1091 0.0758
vn -0.8355 0.1210 0.5360
vn -0.7907 0.3451 0.5056
vn -0.8671 -0.3735 0.3297
vn -0.7910 -0.3530 0.4998
vn -0.8379 -0.1138 0.5339
vn -0.8806 0.2988 0.3678
vn -0.8021 -0.5141 0.3040
vn -0.7525 -0.5726 0.3254
vn -0.7411 0.5942 0.3127
vn -0.8956 0.3702 0.2466
vn -0.8456 0.4820 0.2295
vn -0.8284 0.5512 0.0999
vn -0.6761 -0.3603 0.6427
vn -0.6756 0.3598 0.6435
vn -0.7215 -0.1242 0.6812
vn -0.7452 0.4917 0.4505
vn -0.5312 -0.8117 0.2429
vn -0.6601 -0.6976 0.2785
vn -0.6765 -0.6686 0.3088
vn -0.5738 -0.8103 0.1187
vn -0.4646 -0.5792 0.6698
vn -0.5285 -0.3750 0.7616
vn -0.5610 -0.1317 0.8173
vn -0.5213 0.3765 0.7658
vn -0.4127 -0.8222 0.3921
vn -0.3403 -0.9163 0.2111
vn -0.4384 -0.8935 0.0973
vn -0.3657 -0.1410 0.9200
vn -0.3654 0.1307 0.9216
vn -0.3351 0.3911 0.8572
vn -0.3348 0.3913 0.8572
vn -0.3011 -0.5672 0.7666
vn -0.3353 0.3908 0.8572
vn -0.2848 0.6229 0.7286
vn -0.2288 -0.7865 0.5737
vn -0.2643 -0.8773 0.4007
vn -0.2461 -0.9438 0.2208
vn -0.1813 -0.9696 0.1644
vn -0.0967 -0.6354 0.7661
vn -0.0974 -0.6360 0.7655
vn -0.1024 -0.6419 0.7599
vn -0.0966 -0.6350 0.7664
vn -0.1179 -0.3986 0.9095
vn -0.1180 -0.3986 0.9095
vn -0.1189 -0.3996 0.9090
vn -0.1170 -0.3976 0.9101
vn -0.1257 -0.1371 0.9825
vn -0.1247 0.1376 0.9826
vn -0.1152 0.3982 0.9100
vn -0.1014 0.5833 0.8059
vn 0.1004 -0.5628 0.8205
vn 0.1204 -0.1456 0.9820
vn 0.1249 0.1393 0.9823
vn 0.1307 0.1328 0.9825
vn 0.1313 0.1329 0.9824
vn 0.1249 0.1399 0.9823
vn 0.1130 0.4017 0.9087
vn 0.0384 -0.7818 0.6223
vn 0.0726 -0.9461 0.3157
vn 0.0638 -0.9466 0.3161
vn 0.0626 -0.9466 0.3162
vn 0.0620 -0.9467 0.3161
vn 0.0308 -0.9813 0.1898
vn -0.9475 -0.2391 0.2124
vn -0.9432 -0.3255 0.0668
vn -0.8567 -0.5154 0.0215
vn 0.3315 -0.3908 0.8587
vn 0.3582 -0.1372 0.9235
vn 0.3605 0.1371 0.9226
vn 0.2812 -0.6304 0.7236
vn 0.3328 0.3928 0.8573
vn 0.2569 -0.7596 0.5974
vn 0.2704 -0.8683 0.4160
vn -0.6086 0.4062 0.6816
vn -0.8082 -0.2907 0.5121
vn -0.8301 -0.5016 0.2435
vn -0.4747 -0.8689 0.1405
vn 0.5483 -0.3771 0.7464
vn 0.5607 -0.1314 0.8175
vn 0.5574 -0.1352 0.8191
vn 0.5578 -0.1352 0.8189
vn 0.5607 -0.1310 0.8176
vn 0.4007 0.6197 0.6748
vn 0.5173 0.3828 0.7654
vn 0.4630 -0.7243 0.5109
vn -0.3728 -0.6900 0.6204
vn -0.6138 -0.1250 0.7795
vn -0.3375 -0.5442 0.7681
vn -0.1187 0.1651 0.9791
vn -0.2494 0.4740 0.8445
vn -0.1305 0.1437 0.9810
vn 0.0184 0.7511 0.6599
vn -0.1909 -0.8322 0.5206
vn -0.5701 -0.1440 0.8089
vn 0.6235 -0.3628 0.6925
vn -0.5744 0.2445 0.7812
vn 0.7296 -0.1220 0.6729
vn -0.7103 -0.1230 0.6931
vn 0.3531 -0.5505 0.7565
vn 0.5092 0.0314 0.8601
vn 0.6286 0.4043 0.6644
vn -0.4135 -0.8138 0.4084
vn -0.0234 -0.5000 0.8657
vn -0.5336 -0.6806 0.5021
vn 0.4696 -0.8350 0.2869
vn 0.4633 -0.8475 0.2591
vn -0.3849 -0.3755 0.8431
vn -0.4073 -0.4506 0.7944
vn -0.4101 -0.4474 0.7947
vn -0.4076 -0.4502 0.7945
vn -0.5570 -0.4520 0.6967
vn -0.4105 -0.4472 0.7947
vn -0.4508 -0.1589 0.8784
vn -0.5014 -0.0697 0.8624
vn -0.4907 0.0894 0.8668
vn -0.4501 0.1601 0.8785
vn -0.5529 -0.5038 0.6637
vn -0.5174 -0.5357 0.6673
vn -0.4110 0.4360 0.8006
vn -0.3987 0.3951 0.8276
vn -0.3204 -0.5669 0.7589
vn -0.3309 -0.5926 0.7344
vn -0.5018 -0.6182 0.6050
vn 0.6910 -0.6239 0.3650
vn 0.8871 -0.1268 0.4439
vn 0.8873 -0.3293 0.3228
vn 0.4653 -0.7342 0.4944
vn -0.3019 -0.9078 0.2911
vn 0.6078 -0.7918 0.0613
vn -0.2557 -0.4486 0.8564
vn -0.2554 -0.4479 0.8568
vn -0.2530 -0.4435 0.8598
vn -0.2526 -0.4427 0.8604
vn -0.1634 -0.3919 0.9054
vn -0.1031 -0.5018 0.8588
vn -0.2253 -0.0605 0.9724
vn 0.5168 0.3767 -0.7688
vn -0.2215 -0.9666 0.1291
vn -0.6818 0.7141 0.1587
vn -0.7627 0.6405 0.0896
vn -0.5820 0.7357 0.3463
vn -0.5014 0.6987 0.5103
vn -0.4000 0.8993 0.1771
vn -0.3672 0.9258 0.0892
vn -0.2411 0.7643 0.5981
vn -0.3034 0.8691 0.3906
vn -0.2278 0.7747 0.5899
vn -0.1375 0.9827 0.1241
vn 0.0673 0.8482 0.5254
vn 0.0795 0.7837 0.6160
vn 0.3550 0.7415 0.5694
vn 0.3179 0.8267 0.4641
vn 0.2367 0.8682 0.4361
vn 0.1982 0.9255 0.3227
vn 0.1793 0.9838 0.0082
vn -0.7928 0.4544 0.4062
vn -0.8086 0.4901 0.3256
vn -0.8236 0.4781 0.3050
vn -0.8039 0.5763 0.1473
vn -0.7455 0.6651 0.0429
vn -0.6516 0.7568 0.0518
vn -0.6319 0.7741 0.0381
vn -0.7573 0.1132 0.6431
vn -0.5792 0.3538 0.7344
vn -0.5808 0.3561 0.7320
vn -0.5776 0.3516 0.7367
vn -0.6426 0.5518 0.5316
vn -0.6248 0.5688 0.5350
vn -0.5378 0.7060 0.4608
vn -0.7082 0.6521 0.2706
vn -0.5393 0.8101 0.2299
vn -0.4610 0.8660 0.1936
vn -0.5105 0.8593 0.0318
vn -0.6136 0.1208 0.7803
vn -0.5221 0.5359 0.6635
vn -0.3606 0.6026 0.7120
vn -0.2965 0.7421 0.6011
vn -0.2968 0.7417 0.6015
vn -0.2347 0.9272 0.2919
vn -0.2779 0.9588 0.0588
vn -0.2270 0.0599 0.9721
vn -0.1432 0.1414 0.9795
vn -0.1348 0.3922 0.9099
vn -0.1355 0.3928 0.9096
vn -0.1347 0.3921 0.9100
vn -0.1340 0.3915 0.9104
vn -0.0629 0.6309 0.7733
vn -0.2925 0.7380 0.6081
vn -0.2410 0.8420 0.4827
vn -0.0508 0.8716 0.4875
vn -0.0505 0.8718 0.4873
vn -0.0507 0.8717 0.4875
vn -0.0513 0.7554 0.6532
vn -0.0510 0.8715 0.4877
vn -0.0411 0.9244 0.3793
vn -0.2100 0.9352 0.2850
vn -0.9912 -0.1081 -0.0765
vn -0.9912 -0.1080 -0.0766
vn -0.9560 0.2838 -0.0746
vn -0.9133 -0.3629 -0.1847
vn -0.9912 -0.1079 -0.0766
vn -0.9196 -0.3273 -0.2171
vn -0.9664 -0.1115 -0.2315
vn -0.9664 -0.1114 -0.2316
vn -0.9660 0.1123 -0.2329
vn -0.9664 -0.1116 -0.2314
vn -0.9174 -0.1174 -0.3803
vn -0.6945 -0.7180 -0.0465
vn -0.8234 -0.5457 -0.1557
vn -0.8239 0.5590 -0.0933
vn -0.6420 -0.7162 -0.2738
vn -0.7716 -0.5325 -0.3480
vn -0.8676 -0.3372 -0.3654
vn -0.7898 -0.3468 -0.5060
vn -0.8391 0.3803 -0.3891
vn -0.7835 0.5047 -0.3625
vn -0.8356 -0.1190 -0.5363
vn -0.8344 0.1257 -0.5366
vn -0.8356 0.1233 -0.5353
vn -0.8357 0.1230 -0.5353
vn -0.8343 0.1258 -0.5368
vn -0.7998 0.3098 -0.5142
vn -0.5650 -0.8224 -0.0665
vn -0.6569 0.5960 -0.4618
vn -0.6766 -0.3635 -0.6404
vn -0.6375 0.5229 -0.5658
vn -0.7177 -0.1272 -0.6847
vn -0.6735 0.3630 -0.6439
vn -0.3875 -0.9218 -0.0128
vn -0.4315 -0.8621 -0.2658
vn -0.5162 -0.7014 -0.4915
vn -0.5840 -0.5918 -0.5557
vn -0.5232 -0.3792 -0.7632
vn -0.5232 -0.3794 -0.7631
vn -0.5223 -0.3781 -0.7644
vn -0.5607 -0.1342 -0.8171
vn -0.5214 -0.3766 -0.7657
vn -0.5599 0.1336 -0.8177
vn -0.4439 0.6137 -0.6529
vn -0.5195 0.3821 -0.7643
vn -0.2035 -0.8772 -0.4348
vn -0.2714 -0.8502 -0.4511
vn -0.2896 -0.5967 -0.7484
vn -0.3336 -0.3895 -0.8585
vn -0.3337 -0.3894 -0.8585
vn -0.3350 -0.3882 -0.8585
vn -0.3322 -0.3908 -0.8584
vn -0.3564 -0.1382 -0.9241
vn -0.3319 0.3941 -0.8571
vn -0.1508 -0.9319 -0.3300
vn -0.0972 0.6356 -0.7658
vn -0.1159 0.3987 -0.9097
vn -0.8500 -0.5118 -0.1245
vn -0.9234 -0.3566 -0.1422
vn 0.0428 -0.9833 -0.1766
vn -0.8624 -0.4863 -0.1408
vn 0.0203 -0.9418 -0.3357
vn 0.1054 -0.5855 -0.8038
vn 0.1188 -0.1470 -0.9820
vn 0.1157 -0.3964 -0.9108
vn 0.1165 -0.3971 -0.9103
vn 0.1164 -0.3971 -0.9104
vn 0.1172 -0.3979 -0.9099
vn 0.1205 0.3965 -0.9101
vn 0.1303 0.1402 -0.9815
vn -0.5863 -0.8072 -0.0685
vn -0.7990 -0.5356 -0.2733
vn -0.4578 -0.8398 -0.2918
vn -0.5504 -0.7373 -0.3918
vn -0.7245 -0.4581 -0.5150
vn 0.1294 -0.9314 -0.3401
vn 0.2721 -0.8752 -0.3999
vn 0.2875 -0.8145 -0.5039
vn -0.7066 0.0871 -0.7023
vn -0.5095 0.4939 -0.7046
vn -0.6659 0.1364 -0.7335
vn 0.3012 -0.6051 -0.7370
vn 0.2918 0.5979 -0.7466
vn 0.3512 -0.4090 -0.8422
vn 0.3641 -0.1391 -0.9209
vn 0.3344 0.3897 -0.8581
vn -0.2205 -0.9696 -0.1058
vn -0.0031 -0.9875 -0.1574
vn -0.2989 -0.8055 -0.5116
vn -0.1035 -0.9246 -0.3665
vn -0.4562 -0.5171 -0.7242
vn -0.2436 -0.3916 -0.8873
vn 0.2009 -0.6544 -0.7289
vn 0.2073 -0.6817 -0.7017
vn -0.2383 0.5060 -0.8289
vn 0.0853 0.0139 -0.9963
vn 0.0597 0.6777 -0.7329
vn 0.4811 -0.7253 -0.4925
vn 0.5042 -0.5642 -0.6538
vn 0.5510 -0.3433 -0.7607
vn 0.5577 -0.1895 -0.8081
vn 0.5603 0.1691 -0.8108
vn 0.5608 0.3117 -0.7670
vn 0.4365 0.5844 -0.6840
vn 0.4981 0.5360 -0.6816
vn 0.3988 -0.9166 -0.0295
vn 0.2234 -0.9136 -0.3398
vn 0.3240 -0.8956 -0.3048
vn 0.5580 -0.6767 -0.4804
vn 0.4074 -0.1784 -0.8957
vn 0.5630 -0.6047 -0.5634
vn 0.6538 -0.1409 -0.7434
vn 0.2720 0.1037 -0.9567
vn -0.4862 -0.6985 -0.5250
vn -0.5988 -0.1519 -0.7864
vn -0.5942 -0.1598 -0.7883
vn -0.5967 -0.1556 -0.7872
vn -0.5991 -0.1516 -0.7862
vn 0.7494 0.0429 -0.6608
vn -0.5143 -0.5120 -0.6880
vn -0.6592 -0.2302 -0.7158
vn -0.7642 -0.0994 -0.6373
vn -0.6685 -0.1668 -0.7247
vn 0.9321 -0.3616 -0.0190
vn 0.7292 -0.6670 -0.1531
vn 0.9072 -0.3711 -0.1983
vn 0.8997 -0.3840 -0.2074
vn 0.8978 -0.2511 -0.3618
vn 0.7585 -0.4267 -0.4925
vn -0.3051 -0.9012 -0.3078
vn -0.2948 -0.8801 -0.3721
vn -0.5495 -0.4466 -0.7061
vn -0.4500 0.1614 -0.8783
vn -0.4484 0.1640 -0.8787
vn -0.4498 0.1617 -0.8784
vn -0.4482 0.1644 -0.8787
vn -0.5063 0.4642 -0.7267
vn -0.5264 -0.5303 -0.6646
vn -0.5366 0.4388 -0.7208
vn -0.5464 -0.3706 -0.7511
vn -0.0751 -0.6340 0.7697
vn -0.2148 -0.9495 -0.2287
vn -0.2898 -0.7737 -0.5634
vn -0.4494 -0.1608 -0.8787
vn -0.2752 0.1673 -0.9467
vn -0.2797 0.1755 -0.9439
vn -0.2790 0.1742 -0.9444
vn -0.3127 -0.6249 -0.7154
vn -0.1258 -0.5258 -0.8412
vn -0.1291 -0.3891 -0.9121
vn -0.1391 -0.1435 -0.9798
vn -0.7318 0.6762 -0.0850
vn -0.6765 0.6904 -0.2564
vn -0.6203 0.7831 -0.0451
vn -0.5371 0.8358 -0.1141
vn -0.5587 0.7928 -0.2434
vn -0.6025 0.6778 -0.4214
vn -0.3424 0.9288 -0.1417
vn -0.4487 0.8469 -0.2854
vn -0.4803 0.7523 -0.4509
vn -0.3553 0.8963 -0.2653
vn -0.2408 0.8697 -0.4309
vn -0.3817 0.7341 -0.5616
vn -0.1729 0.9802 -0.0962
vn -0.1040 0.9529 -0.2848
vn 0.0968 0.9932 -0.0644
vn -0.8379 0.5458 -0.0053
vn -0.8640 0.4745 -0.1684
vn -0.7997 0.5994 -0.0357
vn -0.7484 0.6471 -0.1455
vn -0.6630 0.7314 -0.1595
vn -0.8299 0.3154 -0.4601
vn 0.3234 0.8170 -0.4774
vn -0.7984 0.2854 -0.5302
vn -0.5638 0.7869 -0.2506
vn -0.5744 0.7899 -0.2150
vn -0.6557 0.5270 -0.5407
vn -0.5362 0.7006 -0.4708
vn -0.7608 0.1039 -0.6407
vn -0.6423 0.1675 -0.7479
vn -0.7144 0.3744 -0.5911
vn -0.5776 0.3604 -0.7324
vn -0.4379 0.8909 -0.1209
vn -0.2887 0.9498 -0.1202
vn -0.4442 0.8193 -0.3625
vn -0.6136 0.1254 -0.7796
vn -0.3783 0.3824 -0.8430
vn -0.1925 0.9427 -0.2724
vn -0.2662 0.7537 -0.6008
vn -0.2662 0.7537 -0.6009
vn -0.2214 0.8469 -0.4834
vn -0.1413 0.1438 -0.9795
vn -0.1284 0.3896 -0.9120
vn -0.1136 0.5721 -0.8123
vn -0.2755 -0.1602 0.9478
vn -0.2776 0.1666 0.9461
vn 0.0549 -0.5641 0.8239
vn -0.1519 -0.8021 0.5776
vn -0.1492 -0.8042 0.5753
vn -0.1516 -0.8024 0.5772
vn -0.2029 -0.9059 0.3717
vn -0.1170 -0.8876 0.4455
vn -0.1198 -0.9852 0.1227
vn -0.1011 0.1698 0.9803
vn -0.0943 -0.1599 0.9826
vn -0.0904 0.4561 0.8853
vn 0.4038 -0.1350 0.9048
vn 0.6133 -0.1241 0.7801
vn -0.1487 -0.8046 0.5750
vn 0.6332 -0.1528 0.7588
vn 0.7628 -0.1341 0.6326
vn 0.0444 -0.8789 0.4750
vn -0.0273 -0.9513 0.3071
vn 0.0853 -0.4487 0.8896
vn 0.0916 -0.1670 0.9817
vn 0.2742 -0.1636 0.9477
vn 0.2477 -0.4477 0.8592
vn 0.2735 0.1592 0.9486
vn 0.2475 0.4463 0.8600
vn 0.2139 -0.6351 0.7422
vn 0.7441 -0.1100 0.6590
vn 0.8773 -0.0387 0.4784
vn 0.1425 -0.9197 0.3657
vn 0.8853 0.0297 0.4640
vn 0.1018 -0.9895 0.1021
vn 0.1016 -0.9887 0.1099
vn 0.1021 -0.9887 0.1101
vn 0.1018 -0.9897 0.1005
vn 0.3323 -0.6915 0.6415
vn 0.2015 0.6853 0.6999
vn 0.2439 -0.8177 0.5214
vn 0.2382 0.8325 0.5003
vn 0.1824 -0.9025 0.3902
vn 0.2293 0.8519 0.4708
vn -0.3177 -0.0241 0.9479
vn 0.1589 -0.9711 0.1781
vn 0.4736 -0.1623 0.8657
vn 0.3184 -0.6465 0.6933
vn 0.4045 0.4508 0.7957
vn -0.7878 -0.3745 0.4890
vn -0.8285 -0.2204 0.5148
vn 0.3822 0.7670 0.5153
vn -0.2582 -0.0086 0.9661
vn -0.6585 -0.7370 0.1524
vn -0.6429 -0.3434 0.6846
vn -0.7596 0.0977 0.6430
vn -0.5664 0.4501 0.6903
vn -0.5589 0.4010 0.7259
vn 0.4522 0.1549 0.8784
vn 0.5986 0.1820 0.7801
vn -0.6301 -0.5682 0.5292
vn 0.5497 0.4550 0.7005
vn -0.1046 -0.1091 0.9885
vn -0.6404 -0.6736 0.3691
vn -0.4532 -0.8746 0.1722
vn -0.5430 -0.8382 0.0508
vn -0.4096 -0.1699 0.8963
vn -0.4103 -0.1694 0.8961
vn -0.4040 -0.1775 0.8974
vn -0.4036 -0.1783 0.8974
vn -0.3626 0.4789 0.7995
vn -0.6368 0.1639 0.7534
vn -0.4365 0.6757 0.5941
vn 0.5945 -0.1245 0.7944
vn -0.3710 -0.8060 0.4611
vn 0.5808 0.6361 0.5080
vn 0.0979 -0.2527 0.9626
vn -0.2487 -0.9555 0.1589
vn -0.1304 -0.4963 0.8583
vn -0.1314 -0.4973 0.8576
vn -0.1312 -0.4972 0.8577
vn -0.1065 -0.7222 0.6834
vn -0.1446 -0.1824 0.9725
vn -0.1507 -0.1895 0.9702
vn -0.1500 -0.1891 0.9704
vn -0.1293 -0.4951 0.8592
vn -0.1445 -0.1816 0.9727
vn -0.1439 0.1788 0.9733
vn -0.1749 0.8097 0.5602
vn -0.1577 -0.9225 0.3522
vn -0.0272 -0.8531 0.5210
vn -0.2118 0.8848 0.4150
vn 0.0453 0.9326 0.3582
vn -0.0290 -0.9693 0.2442
vn 0.1656 -0.5359 0.8279
vn 0.1411 -0.1875 0.9721
vn 0.1381 0.1841 0.9732
vn 0.1375 0.1847 0.9731
vn 0.1444 0.1764 0.9737
vn 0.1449 0.1758 0.9737
vn 0.1257 0.4915 0.8618
vn -0.0687 -0.7487 0.6594
vn -0.0772 0.8069 0.5857
vn -0.0225 -0.8912 0.4531
vn 0.0407 0.8605 0.5078
vn 0.0846 -0.9331 0.3496
vn 0.0038 0.9504 0.3110
vn 0.2508 -0.3503 0.9024
vn 0.3938 -0.3173 0.8627
vn 0.2665 -0.0675 0.9615
vn 0.3410 -0.0380 0.9393
vn 0.0795 0.6988 0.7109
vn 0.3987 -0.1738 0.9005
vn 0.3984 -0.1735 0.9006
vn 0.4009 -0.1772 0.8988
vn 0.4011 -0.1776 0.8987
vn 0.3650 0.4284 0.8266
vn 0.2058 0.8374 0.5063
vn 0.2602 -0.7984 0.5431
vn 0.2343 0.9191 0.3169
vn 0.1927 0.9382 0.2876
vn 0.4474 -0.3553 0.8207
vn 0.2256 -0.9562 0.1866
vn 0.4095 -0.5687 0.7133
vn 0.4149 -0.6187 0.6672
vn -0.8188 -0.1461 0.5551
vn -0.8489 -0.1771 0.4980
vn -0.8003 0.1537 0.5795
vn -0.4560 0.6975 0.5528
vn 0.4966 -0.5111 0.7015
vn 0.6089 -0.1670 0.7755
vn 0.7616 -0.1533 0.6297
vn 0.6151 0.1565 0.7728
vn 0.6957 0.4201 0.5827
vn 0.5027 -0.7523 0.4260
vn 0.5732 -0.6804 0.4566
vn 0.4799 0.6915 0.5400
vn 0.6419 0.5894 0.4905
vn 0.4075 0.7852 0.4663
vn 0.4262 0.8110 0.4008
vn 0.3402 -0.8987 0.2770
vn 0.5213 0.7745 0.3584
vn -0.7196 -0.2849 0.6333
vn 0.5837 -0.2523 0.7718
vn 0.6864 -0.0601 0.7247
vn 0.4133 -0.9028 0.1190
vn 0.7109 -0.4196 0.5645
vn 0.7038 0.4626 0.5392
vn 0.8673 0.1352 0.4790
vn 0.8644 0.1422 0.4822
vn 0.8639 0.1435 0.4828
vn 0.8161 0.3560 0.4553
vn 0.7691 -0.5606 0.3069
vn -0.3389 -0.6049 0.7206
vn -0.2488 -0.7160 0.6523
vn -0.3571 0.1510 0.9218
vn -0.4906 0.4786 0.7282
vn -0.3893 0.4166 0.8215
vn 0.6717 -0.7000 0.2428
vn 0.7385 -0.6224 0.2593
vn -0.2880 0.8063 0.5167
vn -0.2643 0.8908 0.3696
vn 0.4521 -0.8805 0.1424
vn 0.0327 0.1176 0.9925
vn 0.8471 -0.4104 0.3375
vn 0.8678 0.1340 0.4785
vn 0.9325 0.1304 0.3367
vn 0.9310 0.1349 0.3390
vn 0.9308 0.1358 0.3395
vn 0.9328 0.1295 0.3363
vn 0.8472 0.4319 0.3094
vn 0.1985 -0.5651 0.8008
vn 0.3198 0.5193 0.7925
vn -0.1000 0.8130 0.5736
vn 0.0616 0.8642 0.4993
vn 0.9091 -0.3703 0.1908
vn 0.9702 -0.1335 0.2024
vn 0.9706 -0.1318 0.2015
vn 0.9724 -0.1240 0.1974
vn 0.9721 0.1256 0.1979
vn 0.9705 0.1322 0.2014
vn 0.9702 0.1337 0.2022
vn 0.5905 -0.4730 0.6539
vn 0.8316 -0.5353 0.1478
vn 0.9728 -0.1223 0.1965
vn 0.9951 -0.0877 0.0466
vn 0.9725 0.1241 0.1971
vn 0.9051 0.3785 0.1936
vn 0.0085 0.9633 0.2682
vn 0.6916 -0.7202 0.0553
vn 0.7685 -0.6369 0.0610
vn 0.9948 0.0776 0.0666
vn 0.0524 0.9977 0.0423
vn 0.4567 -0.0774 0.8863
vn 0.5048 -0.5018 0.7024
vn 0.5346 -0.4530 0.7134
vn 0.2770 -0.9140 0.2964
vn 0.4432 0.7824 0.4374
vn 0.5907 0.6538 0.4729
vn 0.2804 0.9345 0.2193
vn 0.4974 0.8468 0.1886
vn 0.5346 -0.8346 0.1331
vn 0.7330 -0.5677 0.3748
vn 0.7105 0.5899 0.3836
vn 0.8353 0.3765 0.4007
vn 0.7596 -0.6271 0.1726
vn 0.7067 0.6646 0.2428
vn 0.6462 -0.7556 0.1068
vn 0.7929 0.6064 0.0602
vn 0.8154 0.5579 0.1546
vn 0.9075 0.3750 0.1893
vn 0.9839 0.1741 0.0405
vn 0.1379 0.1438 0.9799
vn 0.1299 0.3890 0.9120
vn 0.2359 0.7342 0.6367
vn 0.1668 0.9385 0.3023
vn 0.0179 0.9837 0.1789
vn 0.4064 0.1334 0.9039
vn 0.2859 0.6121 0.7373
vn 0.5147 0.5583 0.6507
vn 0.2494 0.8687 0.4279
vn 0.3631 0.8242 0.4347
vn 0.6165 0.1280 0.7769
vn 0.5795 0.3579 0.7322
vn 0.5804 0.3592 0.7308
vn 0.5786 0.3566 0.7336
vn 0.5286 0.7926 0.3039
vn 0.6399 0.6683 0.3793
vn 0.6595 0.7513 0.0236
vn 0.5402 0.8393 0.0616
vn 0.7397 0.3579 0.5699
vn 0.8463 0.2740 0.4569
vn 0.8618 0.3187 0.3948
vn 0.7217 0.5449 0.4269
vn 0.8063 0.4715 0.3572
vn 0.7064 0.6636 0.2462
vn 0.7439 0.6310 0.2201
vn 0.7546 0.6419 0.1362
vn -0.3943 0.6581 0.6414
vn -0.3700 0.8342 0.4089
vn -0.3301 0.8508 0.4089
vn -0.3687 0.9176 0.1483
vn -0.1713 0.1294 0.9767
vn -0.2292 0.8197 0.5249
vn -0.2348 0.7819 0.5775
vn -0.2887 0.9338 0.2112
vn -0.1130 0.9864 0.1190
vn -0.0667 0.0432 0.9968
vn -0.1811 0.2289 0.9564
vn -0.0885 0.4360 0.8956
vn -0.0825 0.3724 0.9244
vn -0.0657 0.6674 0.7418
vn -0.0243 0.5405 0.8410
vn 0.0660 0.1225 0.9903
vn 0.0222 0.9627 0.2698
vn 0.2000 0.3402 0.9189
vn 0.1488 0.7786 0.6096
vn 0.3663 0.2305 0.9015
vn 0.4004 0.0839 0.9125
vn 0.3524 0.8361 0.4204
vn 0.3249 0.9237 0.2029
vn 0.4638 0.3905 0.7953
vn 0.5256 0.0617 0.8485
vn 0.4344 0.5279 0.7298
vn 0.4400 0.5497 0.7101
vn 0.6248 0.4931 0.6054
vn 0.4047 0.6394 0.6537
vn 0.4474 0.7583 0.4742
vn 0.4834 0.8737 0.0544
vn 0.4689 0.8821 0.0450
vn 0.6450 0.1645 0.7463
vn 0.6809 0.1187 0.7227
vn 0.6250 0.2996 0.7208
vn 0.6587 0.3865 0.6455
vn 0.6440 0.6120 0.4590
vn 0.5646 0.7176 0.4079
vn 0.8137 0.4960 0.3032
vn 0.5910 0.7621 0.2644
vn 0.7023 0.7094 0.0587
vn 0.6677 0.7394 0.0868
vn 0.7652 0.6349 0.1067
vn 0.9182 0.1611 0.3619
vn 0.8990 0.0987 0.4267
vn 0.9367 0.3277 0.1233
vn 0.9797 0.1510 0.1320
vn 0.8450 0.4331 0.3135
vn -0.1327 -0.9425 -0.3067
vn -0.1329 -0.8858 -0.4446
vn -0.1608 -0.9167 -0.3659
vn -0.2732 -0.1594 -0.9486
vn -0.2767 -0.1660 -0.9465
vn -0.2774 -0.1672 -0.9461
vn -0.2744 0.1660 -0.9472
vn -0.2726 -0.1582 -0.9490
vn 0.0678 -0.6198 -0.7819
vn 0.1327 -0.3912 -0.9107
vn 0.1468 -0.4032 -0.9033
vn 0.1494 -0.1378 -0.9791
vn -0.0275 -0.9757 -0.2173
vn -0.0732 -0.6972 -0.7131
vn -0.0952 -0.1577 -0.9829
vn -0.0976 0.4496 -0.8879
vn -0.0462 0.6394 -0.7675
vn 0.3863 -0.3724 -0.8439
vn 0.4045 -0.1311 -0.9051
vn 0.0521 -0.9089 -0.4137
vn 0.7626 -0.1185 -0.6359
vn -0.0797 -0.4491 -0.8899
vn 0.0831 -0.4489 -0.8897
vn 0.0841 -0.4478 -0.8901
vn 0.0833 -0.4487 -0.8898
vn 0.0841 -0.4476 -0.8903
vn 0.0824 0.4501 -0.8892
vn 0.1025 -0.9890 -0.1067
vn 0.1025 -0.9886 -0.1107
vn 0.1024 -0.9890 -0.1064
vn 0.1024 -0.9885 -0.1111
vn 0.8582 -0.0622 -0.5095
vn 0.1517 0.7907 -0.5931
vn 0.0710 0.6625 -0.7457
vn 0.0711 0.6621 -0.7460
vn 0.0702 0.6626 -0.7457
vn 0.7499 -0.1037 -0.6534
vn 0.0965 -0.1644 -0.9817
vn 0.0989 0.1668 -0.9810
vn 0.1952 -0.9805 -0.0243
vn 0.1719 -0.9635 -0.2053
vn 0.2073 -0.9031 -0.3761
vn 0.1885 -0.8868 -0.4219
vn 0.2335 -0.8237 -0.5167
vn 0.2348 0.8487 -0.4739
vn 0.2096 -0.6635 -0.7182
vn 0.1944 0.7841 -0.5894
vn 0.2339 0.6618 -0.7123
vn 0.2284 0.6675 -0.7087
vn 0.2352 0.6603 -0.7132
vn 0.2271 0.6689 -0.7078
vn 0.2521 -0.4499 -0.8567
vn 0.2792 0.1652 -0.9459
vn 0.2763 0.1599 -0.9477
vn 0.2758 0.1588 -0.9480
vn 0.2798 0.1662 -0.9456
vn 0.2545 0.4492 -0.8564
vn -0.6826 -0.7280 -0.0640
vn -0.7500 -0.6605 -0.0345
vn -0.6213 -0.7722 -0.1329
vn -0.7504 -0.6100 -0.2546
vn -0.7343 -0.5539 -0.3925
vn 0.2644 -0.8092 -0.5247
vn -0.8126 -0.2255 -0.5374
vn 0.2399 0.8360 -0.4936
vn 0.3894 0.7540 -0.5290
vn 0.3938 -0.4506 -0.8012
vn 0.4347 -0.3927 -0.8104
vn -0.0606 -0.2171 -0.9743
vn -0.6584 -0.6381 -0.3991
vn 0.4406 0.6621 -0.6062
vn 0.5650 0.6348 -0.5270
vn -0.1165 -0.0933 -0.9888
vn -0.7597 -0.1209 -0.6389
vn 0.4521 0.1610 -0.8773
vn 0.5530 0.4501 -0.7011
vn -0.3397 -0.9311 -0.1329
vn 0.1509 -0.3039 -0.9407
vn -0.3360 -0.8335 -0.4387
vn 0.0674 -0.2521 -0.9654
vn -0.5689 -0.4850 -0.6642
vn -0.4801 -0.6636 -0.5737
vn -0.4791 0.5126 -0.7125
vn 0.6002 -0.1156 -0.7914
vn -0.4039 -0.1735 -0.8982
vn -0.1641 -0.9843 -0.0642
vn -0.0668 -0.9973 -0.0321
vn -0.2147 -0.9400 -0.2650
vn 0.6724 0.4276 -0.6042
vn 0.1889 -0.5902 -0.7848
vn 0.1271 -0.4092 -0.9036
vn -0.2141 -0.8335 -0.5094
vn -0.1780 0.8813 -0.4378
vn -0.0503 0.9074 -0.4173
vn 0.1429 -0.0493 -0.9885
vn -0.2546 0.7398 -0.6228
vn -0.1429 -0.1791 -0.9734
vn -0.1424 -0.1794 -0.9734
vn -0.1382 -0.1846 -0.9731
vn -0.1380 -0.1852 -0.9730
vn -0.1411 0.1881 -0.9720
vn -0.1396 0.1860 -0.9726
vn -0.1396 0.1863 -0.9725
vn -0.1413 0.1883 -0.9719
vn 0.0474 0.7558 -0.6531
vn 0.0448 0.9553 -0.2922
vn 0.3548 -0.2814 -0.8916
vn -0.0356 -0.8776 -0.4781
vn 0.0466 -0.8514 -0.5225
vn -0.1296 0.6986 -0.7036
vn 0.1252 -0.4927 -0.8611
vn 0.1284 0.4957 -0.8589
vn 0.1469 0.1785 -0.9729
vn 0.1487 -0.9587 -0.2423
vn -0.8742 0.0978 -0.4757
vn 0.4270 -0.6311 -0.6476
vn 0.2441 -0.9165 -0.3170
vn 0.2477 0.9173 -0.3117
vn 0.5605 -0.1119 -0.8206
vn 0.2469 -0.8257 -0.5072
vn 0.2309 0.8395 -0.4918
vn 0.2079 -0.8451 -0.4926
vn 0.3185 -0.6875 -0.6526
vn 0.3183 -0.6877 -0.6525
vn 0.3201 -0.6862 -0.6532
vn 0.3202 -0.6861 -0.6532
vn 0.2664 0.8204 -0.5059
vn 0.3608 -0.4791 -0.8002
vn 0.3589 0.4808 -0.8000
vn 0.3647 0.4753 -0.8007
vn 0.3644 0.4754 -0.8008
vn 0.3586 0.4812 -0.7999
vn 0.3354 -0.9416 -0.0287
vn -0.5654 0.2465 -0.7871
vn -0.4424 0.7162 -0.5397
vn 0.6539 -0.2868 -0.7001
vn 0.6579 -0.1148 -0.7443
vn -0.6221 -0.4067 -0.6690
vn -0.5964 -0.1363 -0.7910
vn 0.5623 -0.6674 -0.4884
vn 0.5549 -0.6733 -0.4886
vn 0.5534 -0.6744 -0.4887
vn 0.5621 0.6634 -0.4939
vn 0.4610 0.7945 -0.3953
vn 0.6533 -0.4768 -0.5881
vn 0.5640 -0.4176 -0.7125
vn 0.6189 -0.1538 -0.7703
vn 0.6135 -0.1623 -0.7729
vn 0.6127 -0.1635 -0.7732
vn 0.6195 -0.1529 -0.7700
vn 0.5529 0.4519 -0.7001
vn 0.5526 0.4516 -0.7005
vn 0.5551 0.4565 -0.6953
vn 0.4847 0.6302 -0.6065
vn 0.5552 0.4570 -0.6949
vn 0.7115 -0.6855 -0.1545
vn 0.7926 -0.0893 -0.6032
vn -0.0560 -0.8793 -0.4730
vn -0.1507 0.9200 -0.3618
vn 0.6752 0.6434 -0.3608
vn 0.5705 0.7571 -0.3183
vn -0.5358 -0.1640 -0.8282
vn -0.2575 -0.4994 -0.8272
vn -0.0747 -0.4551 -0.8873
vn -0.5485 0.3659 -0.7519
vn -0.3156 0.6967 -0.6442
vn -0.3168 0.5290 -0.7873
vn -0.1535 0.4403 -0.8846
vn 0.5628 -0.6669 -0.4883
vn 0.6725 -0.6359 -0.3786
vn 0.7067 -0.6015 -0.3725
vn 0.8009 -0.3985 -0.4469
vn 0.7078 0.4683 -0.5289
vn 0.8666 0.1395 -0.4792
vn -0.1028 0.1572 -0.9822
vn 0.6981 -0.4243 -0.5768
vn 0.7617 -0.1485 -0.6307
vn 0.7619 -0.1492 -0.6303
vn 0.7635 -0.1543 -0.6271
vn 0.7637 -0.1550 -0.6267
vn 0.8668 -0.4946 -0.0627
vn 0.9306 0.3608 -0.0616
vn 0.9285 0.3656 -0.0646
vn 0.9310 0.3600 -0.0610
vn 0.9810 0.1839 -0.0626
vn 0.9282 0.3664 -0.0651
vn 0.8248 -0.5446 -0.1523
vn 0.8892 0.4079 -0.2072
vn 0.2215 -0.9371 -0.2699
vn 0.9100 0.3711 -0.1848
vn 0.0341 0.9851 -0.1684
vn 0.7755 -0.6091 -0.1661
vn 0.9329 -0.1312 -0.3353
vn 0.9325 0.1314 -0.3366
vn 0.9327 0.1349 -0.3344
vn 0.9328 0.1357 -0.3340
vn 0.8800 -0.3514 -0.3196
vn 0.9324 0.1307 -0.3370
vn 0.8495 0.4289 -0.3072
vn -0.0332 -0.8476 -0.5296
vn 0.0998 -0.8041 -0.5861
vn 0.1301 -0.5612 -0.8174
vn 0.3779 0.1280 -0.9169
vn -0.0771 0.1250 -0.9892
vn 0.3271 -0.9438 -0.0469
vn 0.3410 -0.9372 -0.0736
vn 0.3554 0.9342 -0.0313
vn 0.4271 0.8814 -0.2021
vn 0.3321 -0.8131 -0.4781
vn 0.3502 -0.8542 -0.3843
vn 0.6293 -0.5600 -0.5389
vn 0.4923 -0.6553 -0.5729
vn 0.3260 -0.4546 -0.8289
vn 0.7282 -0.3734 -0.5748
vn 0.7021 -0.1630 -0.6932
vn 0.4221 0.3716 -0.8269
vn 0.5052 0.6730 -0.5401
vn 0.4568 0.3933 -0.7979
vn 0.5789 0.6386 -0.5069
vn 0.2515 0.8433 -0.4749
vn 0.8473 -0.5256 -0.0763
vn 0.8738 0.4813 -0.0696
vn 0.6384 0.7697 -0.0035
vn 0.8875 -0.3977 -0.2327
vn 0.9471 -0.0221 -0.3203
vn 0.9612 -0.1586 -0.2256
vn 0.5864 0.7799 -0.2188
vn 0.6113 -0.7246 -0.3180
vn 0.8272 -0.3233 -0.4596
vn 0.8063 -0.4845 -0.3393
vn 0.6591 0.6770 -0.3277
vn 0.7630 0.3449 -0.5467
vn 0.8474 0.4052 -0.3430
vn 0.7665 0.1867 -0.6145
vn 0.9803 0.1961 -0.0220
vn 0.0807 0.8619 -0.5007
vn 0.0757 0.7771 -0.6248
vn 0.1037 0.7544 -0.6482
vn 0.3249 0.7030 -0.6326
vn 0.1439 0.1410 -0.9795
vn 0.1466 0.1384 -0.9795
vn 0.1446 0.1413 -0.9794
vn 0.1495 0.1357 -0.9794
vn 0.1328 0.3905 -0.9110
vn 0.1327 0.3904 -0.9110
vn 0.1319 0.3898 -0.9114
vn 0.1192 0.5960 -0.7941
vn 0.1336 0.3912 -0.9106
vn 0.0697 0.6258 -0.7769
vn 0.4047 0.8865 -0.2245
vn 0.2223 0.9359 -0.2735
vn 0.3329 0.5800 -0.7434
vn 0.3865 0.3755 -0.8424
vn 0.6905 0.7200 -0.0691
vn 0.4190 0.9069 -0.0449
vn 0.4238 0.7503 -0.5073
vn 0.5840 0.6564 -0.4776
vn 0.6448 0.5636 -0.5163
vn 0.6154 0.1218 -0.7788
vn 0.6166 0.1235 -0.7776
vn 0.6155 0.1219 -0.7787
vn 0.5815 0.3592 -0.7299
vn 0.5318 0.5193 -0.6690
vn 0.6143 0.1203 -0.7799
vn 0.6509 0.7574 -0.0514
vn 0.7480 0.6499 -0.1346
vn 0.7925 0.5195 -0.3194
vn 0.8389 0.3271 -0.4351
vn 0.7297 0.3324 -0.5976
vn -0.3688 0.9276 -0.0603
vn -0.4106 0.7023 -0.5815
vn -0.3682 0.0956 -0.9248
vn -0.3202 0.3690 -0.8725
vn -0.2741 0.7184 -0.6393
vn -0.0861 0.5020 -0.8606
vn -0.1966 0.5021 -0.8422
vn -0.0197 0.6984 -0.7154
vn -0.0642 0.1265 -0.9899
vn -0.0445 0.9953 -0.0859
vn 0.0007 0.9446 -0.3283
vn -0.0010 0.9020 -0.4316
vn -0.0963 0.7499 -0.6545
vn 0.0268 0.4415 -0.8969
vn 0.1616 0.9495 -0.2690
vn 0.1045 0.8258 -0.5543
vn 0.2825 0.2683 -0.9210
vn 0.1739 0.5313 -0.8292
vn 0.1271 0.0454 -0.9908
vn 0.1898 0.9791 -0.0731
vn 0.2883 0.8543 -0.4326
vn 0.2309 0.7966 -0.5586
vn 0.2666 0.6849 -0.6781
vn 0.2588 0.3089 -0.9152
vn 0.5271 0.8256 -0.2013
vn 0.3725 0.8372 -0.4005
vn 0.4625 0.5529 -0.6931
vn 0.4903 0.3683 -0.7899
vn 0.4895 0.3695 -0.7899
vn 0.4875 0.3719 -0.7900
vn 0.4095 0.6347 -0.6554
vn 0.4611 0.7344 -0.4981
vn 0.3877 0.0342 -0.9211
vn 0.5257 0.1110 -0.8434
vn 0.4848 0.3754 -0.7900
vn 0.7587 0.6048 -0.2420
vn 0.6523 0.7303 -0.2030
vn 0.6816 0.1174 -0.7223
vn 0.9567 0.2367 -0.1695
vn 0.8394 0.1658 -0.5176
vn 0.8199 0.1235 -0.5591
vn -0.6837 -0.7170 0.1359
vn 0.0344 -0.8827 0.4687
vn -0.5969 -0.0972 0.7964
vn -0.3457 -0.6747 0.6522
vn -0.2560 0.4306 0.8655
vn -0.2026 -0.9734 -0.1074
vn -0.3742 -0.4944 0.7845
vn 0.3998 0.1745 0.8998
vn 0.9308 0.3602 0.0618
vn 0.7526 0.1815 0.6330
vn 0.4528 0.7162 0.5311
vn -0.3376 0.3660 0.8672
vn 0.0639 0.6655 -0.7437
vn 0.0687 0.7296 -0.6804
vn -0.1203 -0.4962 -0.8598
vn 0.4945 -0.3014 -0.8153
vn 0.7141 -0.6966 -0.0699
vn 0.4344 -0.7898 -0.4330
s 1
f 16//1 1//1 6//1
f 5//2 2//3 4//4
f 9//5 3//5 22//5
f 24//6 16//6 6//6
f 7//7 5//8 3//9
f 7//7 3//9 9//10
f 9//11 22//11 10//11
f 12//12 31//13 13//14
f 29//15 17//16 13//17
f 1//18 15//18 12//18
f 2//19 12//20 17//21
f 14//22 32//22 18//22
f 4//23 2//24 14//25
f 23//26 20//26 21//26
f 23//27 21//27 24//27
f 10//28 22//28 25//28
f 31//29 11//30 27//31
f 31//32 27//33 28//34
f 28//35 30//36 29//37
f 32//38 30//39 42//40
f 43//41 11//41 33//41
f 12//42 11//43 31//44
f 13//45 28//35 29//37
f 45//46 32//46 42//46
f 15//47 33//47 11//47
f 36//48 47//48 35//48
f 41//49 26//50 40//51
f 40//52 43//52 53//52
f 27//53 41//54 28//55
f 28//56 37//57 38//58
f 30//59 28//56 38//58
f 42//60 30//61 38//62
f 46//63 42//63 39//63
f 44//64 43//64 33//64
f 53//65 43//65 44//65
f 11//66 43//66 26//66
f 42//67 46//67 45//67
f 34//68 44//68 33//68
f 47//69 55//69 34//69
f 37//70 49//71 50//72
f 38//73 50//74 51//75
f 46//76 52//77 65//78
f 66//79 56//79 55//79
f 50//80 59//80 60//81
f 51//82 60//82 61//83
f 52//84 61//85 62//86
f 53//87 63//87 64//87
f 56//88 63//88 44//88
f 67//89 48//89 57//89
f 68//90 67//90 57//90
f 58//91 70//92 59//93
f 58//91 69//94 70//92
f 81//95 60//95 70//95
f 72//96 61//97 71//98
f 65//99 62//99 73//99
f 73//100 62//100 72//100
f 87//101 74//101 75//101
f 75//102 56//102 66//102
f 67//103 76//104 66//105
f 68//106 96//106 95//106
f 79//107 68//107 78//107
f 69//108 85//109 80//110
f 81//111 80//112 82//113
f 83//114 81//115 82//116
f 72//117 71//118 83//117
f 64//119 85//120 69//121
f 73//122 72//122 86//122
f 64//123 74//123 84//123
f 89//124 90//124 91//124
f 75//125 92//125 93//125
f 89//126 91//126 92//126
f 95//127 89//127 76//127
f 76//128 89//128 92//128
f 95//129 88//129 90//129
f 95//130 94//130 88//130
f 110//131 88//131 94//131
f 77//132 94//132 96//132
f 97//133 94//133 77//133
f 99//134 83//134 82//134
f 85//135 84//135 123//135
f 98//136 80//136 123//136
f 100//137 83//137 99//137
f 101//138 83//138 100//138
f 102//139 86//139 101//139
f 122//140 123//140 84//140
f 105//141 103//141 124//141
f 41//142 40//142 54//142 49//142
f 106//143 124//143 107//143
f 109//144 93//144 108//144
f 93//145 109//145 87//145
f 109//146 122//146 87//146
f 111//147 88//147 110//147
f 104//148 103//148 111//148
f 111//149 112//149 104//149
f 112//150 111//150 110//150
f 113//151 112//151 110//151
f 113//152 110//152 97//152
f 115//153 99//153 116//153
f 99//154 115//154 100//154
f 100//155 115//155 118//155
f 117//156 137//156 118//156
f 115//157 117//157 118//157
f 100//158 119//158 101//158
f 119//159 100//159 138//159
f 102//160 101//160 121//160
f 133//161 123//162 122//163
f 124//164 104//164 125//164
f 106//165 107//165 108//165
f 107//166 125//166 126//166
f 127//167 134//167 108//167
f 109//168 134//169 122//170
f 128//171 125//171 104//171
f 129//172 112//172 113//172
f 147//173 131//174 138//175
f 132//176 120//176 131//176
f 120//177 119//177 138//177
f 139//178 127//179 153//180
f 140//181 141//181 128//181
f 126//182 125//182 128//182
f 130//183 143//183 140//183
f 144//184 141//184 140//184
f 144//185 142//185 141//185
f 144//186 140//186 143//186
f 146//187 380//188 145//189
f 131//190 148//190 149//190
f 135//191 150//191 379//191
f 139//192 150//193 134//194
f 150//193 139//192 152//195
f 152//196 139//197 153//196
f 154//198 153//198 144//198
f 19//199 45//199 156//199
f 158//200 156//200 157//200
f 159//201 156//201 158//201
f 160//202 159//202 158//202
f 162//203 45//203 46//203
f 157//204 155//204 162//204
f 157//205 156//205 155//205
f 161//206 160//206 158//206
f 163//207 162//207 166//207
f 157//208 163//208 164//208
f 161//209 164//209 165//209
f 167//210 163//210 166//210
f 168//211 163//211 167//211
f 164//212 163//212 168//212
f 164//213 168//213 169//213
f 165//214 169//214 170//214
f 166//215 65//215 73//215
f 169//216 168//216 170//216
f 172//217 102//217 174//217
f 168//218 176//219 175//220
f 175//221 177//221 173//221
f 170//222 168//222 173//222
f 173//223 168//223 175//223
f 174//224 182//224 176//224
f 177//225 185//226 178//227
f 173//228 177//228 179//228
f 102//229 181//229 174//229
f 174//230 181//230 183//230
f 174//231 183//231 182//231
f 185//232 192//233 186//234
f 178//235 186//235 187//235
f 189//236 187//236 188//236
f 121//237 132//237 190//237
f 190//238 132//238 194//238
f 190//239 194//240 191//241
f 191//241 194//240 195//242
f 197//243 191//243 195//243
f 193//244 186//244 192//244
f 193//245 192//245 201//245
f 197//246 195//246 196//246
f 200//247 197//248 198//249
f 202//250 188//250 591//250
f 24//251 8//251 203//251
f 206//252 7//253 9//254
f 204//255 206//252 9//254
f 210//256 208//257 204//258
f 210//259 204//259 212//259
f 211//260 221//260 23//260
f 10//261 334//261 212//261
f 211//262 24//262 205//262
f 218//263 210//263 212//263
f 204//264 10//264 212//264
f 215//265 207//266 214//267
f 213//268 205//268 215//268
f 216//269 215//270 214//271
f 209//272 214//273 208//274
f 209//275 208//276 218//277
f 218//277 208//276 210//278
f 336//279 212//279 334//279
f 216//280 209//281 219//282
f 221//283 36//283 20//283
f 222//284 221//284 223//284
f 223//285 221//285 213//285
f 213//286 215//286 224//286
f 224//287 233//287 213//287
f 226//288 220//288 217//288
f 227//289 225//290 216//291
f 228//292 216//293 219//294
f 219//295 229//296 228//297
f 229//296 219//295 220//298
f 230//299 36//299 222//299
f 231//300 230//300 222//300
f 232//301 223//301 213//301
f 231//302 223//302 232//302
f 234//303 233//303 225//303
f 236//304 229//305 226//306
f 226//307 238//308 237//309
f 239//310 235//311 228//312
f 239//313 228//314 236//315
f 230//316 57//316 48//316
f 255//317 57//317 230//317
f 255//318 230//318 231//318
f 240//319 232//319 233//319
f 241//320 240//320 233//320
f 234//321 241//321 233//321
f 237//322 246//323 236//324
f 238//325 243//325 237//325
f 239//326 245//327 244//328
f 245//329 239//330 246//330
f 246//330 239//330 236//331
f 255//332 68//332 57//332
f 240//333 248//333 247//333
f 241//334 249//335 240//336
f 249//335 248//337 240//336
f 250//338 249//338 241//338
f 250//339 241//339 242//339
f 254//340 238//340 347//340
f 250//341 242//342 244//341
f 252//343 251//344 244//345
f 251//346 250//341 244//341
f 245//347 252//343 244//345
f 246//348 253//349 245//350
f 253//349 252//351 245//350
f 254//352 253//353 243//353
f 255//354 78//354 68//354
f 256//355 78//355 257//355
f 258//356 255//357 247//358
f 258//359 247//359 248//359
f 275//360 260//360 252//360
f 253//361 275//362 252//363
f 261//364 253//365 254//366
f 261//367 254//367 347//367
f 263//368 264//368 77//368
f 266//369 277//369 263//369
f 265//370 266//370 263//370
f 256//371 257//371 268//371
f 265//372 256//372 268//372
f 268//373 257//373 269//373
f 267//374 268//374 270//374
f 272//375 258//375 248//375
f 273//376 248//376 249//376
f 273//377 272//377 248//377
f 259//378 273//378 249//378
f 352//379 261//379 347//379
f 260//380 274//380 259//380
f 292//381 260//382 275//383
f 290//384 262//384 261//385
f 276//386 275//387 262//388
f 276//386 292//389 275//387
f 264//390 113//390 97//390
f 266//391 295//392 277//393
f 280//394 278//394 267//394
f 279//395 278//395 280//395
f 282//396 281//396 270//396
f 286//397 281//397 282//397
f 271//398 282//398 270//398
f 285//399 283//399 272//399
f 299//400 285//400 273//400
f 273//401 287//401 299//401
f 288//402 289//402 287//402
f 276//403 305//403 292//403
f 292//404 289//404 274//404
f 293//405 129//405 113//405
f 295//406 293//406 113//406
f 293//407 294//407 130//407
f 294//408 295//408 278//408
f 296//409 312//409 311//409
f 282//410 284//410 297//410
f 286//411 282//411 297//411
f 297//412 312//412 286//412
f 298//413 314//413 284//413
f 297//414 313//414 312//414
f 298//415 284//415 299//415
f 304//416 303//416 289//416
f 303//417 304//417 318//417
f 302//418 304//418 289//418
f 304//419 305//419 300//419
f 323//420 306//420 307//420
f 294//421 143//422 130//423
f 294//424 311//424 309//424
f 312//425 310//425 309//425
f 312//426 313//426 310//426
f 297//427 314//427 313//427
f 298//428 327//428 314//428
f 298//429 299//429 315//429
f 315//430 287//431 301//432
f 317//433 301//434 303//435
f 316//436 315//437 301//438
f 316//436 329//439 315//437
f 321//440 319//440 318//440
f 322//441 320//441 306//441
f 331//442 320//442 322//442
f 322//443 306//443 323//443
f 324//444 322//444 323//444
f 308//445 154//445 144//445
f 315//446 328//447 298//448
f 328//447 315//446 329//449
f 648//450 329//451 316//452
f 319//453 321//453 647//453
f 647//454 321//454 320//454
f 647//455 649//455 319//455
f 332//456 331//457 322//458
f 324//459 653//459 322//459
f 335//460 25//460 159//460
f 336//461 335//461 337//461
f 339//462 160//462 161//462
f 161//463 165//463 341//463
f 344//464 340//464 341//464
f 338//465 340//465 342//465
f 343//466 165//466 170//466
f 345//467 341//467 343//467
f 342//468 344//468 346//468
f 238//469 342//469 346//469
f 346//470 347//470 238//470
f 343//471 171//471 345//471
f 344//472 345//472 348//472
f 348//473 346//473 344//473
f 349//474 346//474 348//474
f 347//475 346//475 349//475
f 354//476 173//476 179//476
f 345//477 171//477 350//477
f 351//478 345//478 350//478
f 345//479 351//479 348//479
f 349//480 348//480 351//480
f 356//481 352//481 349//481
f 352//482 347//482 349//482
f 355//483 350//483 354//483
f 355//484 357//484 350//484
f 351//485 350//485 357//485
f 361//486 357//486 355//486
f 355//487 362//487 361//487
f 352//488 356//488 358//488
f 359//489 358//489 356//489
f 360//490 356//491 357//492
f 361//493 360//493 357//493
f 362//494 367//494 369//494
f 364//495 361//495 363//495
f 363//496 365//496 364//496
f 369//497 361//498 362//499
f 364//500 371//500 359//500
f 189//501 202//501 366//501
f 365//502 372//503 371//504
f 363//505 375//506 365//506
f 375//506 377//507 365//506
f 372//508 323//509 371//510
f 324//511 323//509 372//508
f 373//512 367//512 366//512
f 374//513 368//513 373//513
f 368//514 370//514 369//514
f 653//515 324//516 372//517
f 377//518 378//519 372//520
f 145//521 382//522 381//523
f 383//524 151//524 381//524
f 148//525 383//525 384//525
f 149//526 148//526 384//526
f 385//527 149//527 384//527
f 379//528 150//528 386//528
f 380//529 379//530 390//531
f 380//532 391//533 392//534
f 391//535 380//529 390//531
f 393//536 382//536 392//536
f 383//537 393//538 394//539
f 384//540 383//540 395//540
f 384//541 395//542 396//543
f 398//544 387//544 388//544
f 388//545 153//545 397//545
f 389//546 397//546 153//546
f 390//547 386//548 402//549
f 391//550 390//551 404//552
f 383//553 394//553 400//553
f 394//554 393//555 407//556
f 407//556 393//555 406//557
f 400//558 394//558 407//558
f 387//559 399//560 386//561
f 383//562 400//562 395//562
f 392//563 404//564 405//565
f 392//566 405//567 406//568
f 393//569 392//566 406//568
f 422//570 405//571 413//572
f 399//560 387//559 408//573
f 386//548 399//574 402//549
f 400//575 415//575 409//575
f 400//576 407//576 415//576
f 397//577 410//577 398//577
f 413//578 404//579 421//580
f 404//581 403//582 421//583
f 414//584 407//585 422//586
f 416//587 424//588 399//589
f 422//590 413//591 423//592
f 425//593 421//593 403//593
f 421//594 425//594 432//594
f 414//595 423//596 435//597
f 424//598 429//598 430//598
f 415//599 414//599 435//599
f 410//600 436//600 416//600
f 440//601 436//601 410//601
f 427//602 410//602 420//602
f 427//603 440//603 410//603
f 430//604 429//604 431//604
f 445//605 430//605 431//605
f 425//606 430//606 445//606
f 413//607 432//607 433//607
f 434//608 435//608 423//608
f 428//609 429//609 436//609
f 438//610 415//610 435//610
f 438//611 435//611 437//611
f 442//612 441//612 440//612
f 442//613 453//613 441//613
f 439//614 417//614 438//614
f 444//615 442//615 427//615
f 460//616 444//616 688//616
f 445//617 463//618 447//619
f 447//619 463//618 448//620
f 450//621 448//621 467//621
f 449//622 428//622 441//622
f 467//623 451//623 450//623
f 452//624 449//624 453//624
f 451//625 434//626 433//627
f 434//628 451//628 454//628
f 454//629 437//630 434//631
f 454//629 455//632 437//630
f 453//633 442//633 443//633
f 457//634 439//634 438//634
f 438//635 455//635 457//635
f 453//636 443//636 459//636
f 444//637 458//637 443//637
f 460//638 458//638 444//638
f 448//639 463//640 466//641
f 448//642 466//642 480//642
f 467//643 448//643 480//643
f 461//644 428//644 449//644
f 459//645 472//645 453//645
f 454//646 470//646 482//646
f 473//647 455//647 454//647
f 455//648 474//648 457//648
f 455//649 485//649 474//649
f 456//650 457//650 476//650
f 455//651 473//651 485//651
f 458//652 478//652 459//652
f 462//653 468//653 486//653
f 462//654 479//654 465//654
f 487//655 464//656 479//657
f 489//658 480//658 481//658
f 469//659 467//659 480//659
f 480//660 489//660 469//660
f 449//661 471//661 468//661
f 477//662 483//662 472//662
f 478//663 477//663 459//663
f 495//664 477//664 478//664
f 479//665 486//665 488//665
f 468//666 491//666 486//666
f 499//667 486//667 491//667
f 469//668 489//668 492//668
f 471//669 505//669 491//669
f 482//670 492//670 493//670
f 505//671 471//671 483//671
f 495//672 483//673 477//674
f 496//675 485//675 475//675
f 511//676 474//676 497//676
f 496//677 475//677 494//677
f 488//678 499//678 500//678
f 498//679 500//680 501//681
f 503//682 490//683 498//684
f 502//685 490//685 503//685
f 521//686 503//687 501//688
f 502//689 489//689 490//689
f 492//690 489//690 502//690
f 506//691 507//691 491//691
f 514//692 527//692 505//692
f 527//693 506//693 505//693
f 509//694 494//695 493//696
f 511//697 510//697 512//697
f 510//698 530//698 512//698
f 513//699 511//699 512//699
f 513//700 535//700 516//700
f 515//701 494//701 509//701
f 515//702 509//702 510//702
f 511//703 513//703 516//703
f 517//704 484//704 516//704
f 521//705 500//705 522//705
f 521//686 504//706 503//687
f 522//707 499//707 507//707
f 523//708 521//708 522//708
f 508//709 525//709 529//709
f 543//710 529//710 525//710
f 530//711 509//711 531//711
f 531//712 508//712 529//712
f 512//713 530//713 533//713
f 533//714 530//714 532//714
f 536//715 527//715 520//715
f 519//716 518//716 516//716
f 519//717 534//717 537//717
f 533//718 532//718 539//718
f 538//719 533//719 539//719
f 540//720 507//720 528//720
f 540//721 523//721 522//721
f 523//722 540//722 541//722
f 543//723 525//724 524//725
f 544//726 532//726 550//726
f 535//727 526//727 545//727
f 526//728 538//728 545//728
f 545//729 568//730 546//731
f 545//732 546//732 547//732
f 559//733 548//733 528//733
f 552//734 543//735 542//736
f 550//737 532//737 529//737
f 529//738 549//738 550//738
f 556//739 534//740 547//741
f 561//742 552//742 551//742
f 549//743 543//743 553//743
f 553//744 554//744 549//744
f 555//745 549//745 554//745
f 551//746 548//746 560//746
f 560//747 548//747 559//747
f 554//748 553//748 563//748
f 565//749 564//749 556//749
f 566//750 570//750 544//750
f 568//751 538//751 567//751
f 569//752 546//752 568//752
f 566//753 550//754 549//755
f 550//756 566//756 544//756
f 555//757 578//757 566//757
f 557//758 547//758 571//758
f 567//759 570//759 574//759
f 566//760 578//760 570//760
f 574//761 570//761 575//761
f 575//762 576//762 574//762
f 576//763 569//763 574//763
f 579//764 576//764 575//764
f 579//765 577//765 576//765
f 584//766 575//766 582//766
f 557//767 580//767 573//767
f 584//768 579//768 575//768
f 149//769 385//769 586//769
f 587//770 196//771 586//772
f 196//773 587//773 198//773
f 591//774 590//774 592//774
f 593//775 202//775 592//775
f 385//776 396//777 586//778
f 594//779 396//780 599//781
f 594//782 587//783 586//784
f 587//783 594//782 595//785
f 588//786 587//786 595//786
f 588//787 601//787 602//787
f 200//788 588//788 596//788
f 589//789 200//789 596//789
f 592//790 590//790 598//790
f 598//791 593//791 592//791
f 401//792 600//793 599//794
f 607//795 602//795 601//795
f 603//796 597//797 602//798
f 604//799 590//799 609//799
f 604//800 598//800 590//800
f 600//793 401//792 606//801
f 606//802 601//802 600//802
f 411//803 606//803 401//803
f 603//804 611//804 608//804
f 411//805 418//805 419//805
f 612//806 611//806 618//806
f 608//807 611//808 613//809
f 610//810 608//810 614//810
f 620//811 612//811 618//811
f 850//812 615//812 622//812
f 612//813 620//813 619//813
f 624//814 615//814 619//814
f 626//815 439//815 456//815
f 621//816 617//816 626//816
f 619//817 623//817 624//817
f 622//818 615//818 624//818
f 628//819 625//819 624//819
f 623//820 621//821 629//822
f 630//823 623//820 629//822
f 627//824 623//824 630//824
f 631//825 625//825 628//825
f 628//826 624//826 627//826
f 631//827 635//827 867//827
f 641//828 637//828 636//828
f 636//829 518//830 641//831
f 641//831 518//830 519//832
f 637//833 641//833 642//833
f 564//834 643//834 537//834
f 655//835 154//835 325//835
f 328//836 646//836 327//836
f 330//837 328//837 329//837
f 648//450 330//838 329//451
f 647//839 651//839 649//839
f 653//840 652//841 333//842
f 389//843 154//843 655//843
f 645//844 661//844 325//844
f 668//845 658//846 648//847
f 649//848 659//849 650//850
f 650//850 659//849 668//851
f 651//852 659//852 649//852
f 652//853 665//854 656//855
f 656//856 665//856 664//856
f 654//857 665//858 652//859
f 670//860 661//860 645//860
f 662//861 646//861 663//861
f 662//862 645//862 646//862
f 663//863 646//863 328//863
f 657//864 663//864 330//864
f 667//865 664//865 660//865
f 658//866 330//867 648//868
f 660//869 664//869 665//869
f 655//870 412//870 389//870
f 663//871 682//871 662//871
f 657//872 673//872 663//872
f 674//873 668//874 659//875
f 674//876 658//877 668//878
f 659//879 677//880 676//881
f 670//882 689//882 661//882
f 673//883 682//883 663//883
f 686//884 675//885 674//886
f 696//887 683//888 673//889
f 686//884 696//890 675//885
f 697//891 677//891 684//891
f 687//892 427//892 420//892
f 691//893 698//893 687//893
f 687//894 678//894 689//894
f 690//895 692//895 689//895
f 680//896 681//896 679//896
f 692//897 690//897 693//897
f 685//898 702//898 684//898
f 683//899 694//899 682//899
f 704//900 694//900 683//900
f 686//901 707//901 696//901
f 698//902 460//902 688//902
f 699//903 691//903 700//903
f 691//904 699//904 698//904
f 695//905 714//905 693//905
f 695//906 694//906 704//906
f 708//907 686//908 697//909
f 686//910 706//910 707//910
f 709//911 706//911 708//911
f 708//912 697//912 684//912
f 702//913 708//913 684//913
f 699//914 710//914 698//914
f 711//915 699//915 700//915
f 712//916 706//916 709//916
f 709//917 722//917 712//917
f 702//918 722//918 709//918
f 692//919 711//919 700//919
f 716//920 714//920 695//920
f 713//921 693//921 714//921
f 707//922 705//922 704//922
f 704//923 716//923 695//923
f 705//924 716//924 704//924
f 707//925 712//925 715//925
f 714//926 717//927 713//928
f 717//927 730//929 713//928
f 718//930 714//931 716//932
f 719//933 716//934 705//935
f 715//936 719//936 705//936
f 720//937 458//937 710//937
f 721//938 720//938 710//938
f 735//939 720//939 721//939
f 722//940 726//940 723//940
f 722//941 725//941 726//941
f 713//942 729//942 711//942
f 730//943 729//943 713//943
f 719//933 718//944 716//934
f 715//945 743//945 719//945
f 720//946 734//946 478//946
f 735//947 734//947 720//947
f 726//948 724//948 748//948
f 737//949 724//949 727//950
f 728//951 737//951 727//951
f 738//952 729//952 739//952
f 731//953 723//953 740//953
f 739//954 729//954 730//954
f 741//955 738//955 739//955
f 732//956 759//957 739//958
f 759//959 732//960 742//961
f 760//962 759//959 742//961
f 745//963 742//964 743//965
f 745//966 733//967 744//968
f 715//969 733//969 743//969
f 495//970 478//970 734//970
f 751//971 748//971 724//971
f 748//972 750//972 749//972
f 751//973 750//973 748//973
f 752//974 749//974 750//974
f 764//975 750//975 751//975
f 724//976 765//976 751//976
f 723//977 749//977 752//977
f 757//978 758//978 741//978
f 744//979 740//979 756//979
f 778//980 744//980 756//980
f 760//981 761//982 759//983
f 761//982 757//984 759//983
f 762//985 761//986 760//987
f 762//985 760//987 745//988
f 520//989 495//989 746//989
f 747//990 746//990 734//990
f 764//991 751//991 765//991
f 766//992 790//992 765//992
f 767//993 769//993 766//993
f 770//994 747//994 753//994
f 779//995 746//996 747//997
f 779//995 747//997 770//998
f 752//999 771//999 754//999
f 784//1000 771//1000 763//1000
f 772//1001 764//1001 765//1001
f 763//1002 752//1002 764//1002
f 787//1003 764//1003 772//1003
f 790//1004 772//1004 765//1004
f 756//1005 754//1005 774//1005
f 777//1006 761//1007 762//1008
f 761//1007 777//1006 776//1009
f 796//1010 795//1010 777//1010
f 779//1011 520//1011 746//1011
f 807//1012 783//1012 784//1012
f 785//1013 766//1014 780//1015
f 782//1016 779//1016 770//1016
f 792//1017 809//1017 800//1017
f 787//1018 784//1018 763//1018
f 784//1019 783//1019 771//1019
f 787//1020 788//1020 784//1020
f 793//1021 794//1022 809//1023
f 809//1023 794//1022 808//1024
f 796//1025 774//1025 786//1025
f 786//1026 810//1026 795//1026
f 795//1027 776//1028 777//1029
f 795//1027 794//1030 776//1028
f 558//1031 520//1031 779//1031
f 801//1032 560//1032 559//1032
f 802//1033 801//1033 805//1033
f 801//1034 561//1034 560//1034
f 802//1035 561//1035 801//1035
f 802//1036 798//1036 561//1036
f 803//1037 799//1037 807//1037
f 814//1038 803//1039 804//1040
f 780//1041 564//1041 781//1041
f 800//1042 805//1042 801//1042
f 802//1043 806//1043 798//1043
f 783//1044 807//1044 786//1044
f 809//1045 808//1046 805//1047
f 794//1048 810//1049 808//1050
f 786//1051 806//1052 810//1053
f 813//1054 797//1054 791//1054
f 781//1055 791//1055 785//1055
f 781//1056 813//1056 791//1056
f 803//1057 572//1058 555//1059
f 565//1060 556//1060 557//1060
f 815//1061 781//1061 565//1061
f 811//1062 818//1062 817//1062
f 819//1063 826//1063 818//1063
f 820//1064 572//1064 814//1064
f 582//1065 572//1065 820//1065
f 821//1066 584//1066 582//1066
f 822//1067 581//1067 828//1067
f 822//1068 573//1068 583//1068
f 822//1069 828//1069 823//1069
f 816//1070 825//1070 820//1070
f 826//1071 823//1071 824//1071
f 828//1072 584//1072 821//1072
f 366//1073 202//1073 593//1073
f 373//1074 366//1074 593//1074
f 373//1075 593//1075 829//1075
f 830//1076 374//1076 373//1076
f 370//1077 374//1078 830//1079
f 829//1080 593//1080 598//1080
f 840//1081 830//1082 835//1083
f 840//1081 831//1084 830//1082
f 373//1085 829//1086 835//1087
f 832//1088 837//1088 836//1088
f 833//1089 660//1089 654//1090
f 838//1091 660//1089 833//1089
f 833//1092 834//1093 836//1094
f 839//1095 605//1095 845//1095
f 839//1096 829//1096 605//1096
f 840//1097 839//1097 845//1097
f 835//1098 839//1098 840//1098
f 840//1099 845//1099 846//1099
f 837//1100 848//1100 841//1100
f 842//1101 672//1102 667//1103
f 842//1104 838//1105 836//1106
f 846//1107 845//1107 844//1107
f 847//1108 855//1108 844//1108
f 853//1109 679//1109 849//1109
f 846//1110 855//1110 848//1110
f 672//1111 849//1111 679//1111
f 848//1112 853//1112 849//1112
f 842//1101 849//1113 672//1102
f 841//1114 849//1115 842//1116
f 843//1117 616//1117 850//1117
f 844//1118 843//1118 851//1118
f 851//1119 843//1119 850//1119
f 847//1120 852//1120 855//1120
f 852//1121 847//1121 851//1121
f 854//1122 680//1122 679//1122
f 857//1123 854//1124 855//1124
f 851//1125 850//1125 856//1125
f 851//1126 856//1126 860//1126
f 857//1127 680//1127 854//1127
f 855//1128 852//1128 857//1128
f 862//1129 856//1129 850//1129
f 858//1130 860//1130 856//1130
f 861//1131 680//1132 857//1133
f 622//1134 625//1134 862//1134
f 857//1135 864//1135 861//1135
f 862//1136 625//1136 866//1136
f 864//1137 858//1137 869//1137
f 866//1138 631//1138 867//1138
f 871//1139 728//1139 861//1139
f 870//1140 866//1140 867//1140
f 871//1141 767//1141 737//1141
f 870//1142 640//1142 874//1142
f 879//1143 878//1143 877//1143
f 874//1144 879//1144 875//1144
f 875//1145 873//1145 874//1145
f 870//1146 874//1146 873//1146
f 877//1147 767//1148 876//1149
f 877//1150 876//1150 875//1150
f 875//1151 879//1151 877//1151
f 872//1152 644//1152 879//1152
f 879//1153 644//1153 643//1153
f 879//1154 643//1154 878//1154
f 780//1155 878//1155 564//1155
f 5//1156 1//1157 2//1158
f 2//19 1//1159 12//20
f 3//1160 5//2 4//4
f 5//1156 6//1161 1//1157
f 7//1162 6//1163 5//1164
f 22//1165 3//1165 4//1165
f 24//1166 21//1166 16//1166
f 24//1167 6//1167 8//1167
f 8//1168 6//1163 7//1162
f 14//1169 17//16 29//15
f 32//1170 14//1170 29//1170
f 16//1171 15//1171 1//1171
f 12//42 15//1172 11//43
f 17//1173 12//12 13//14
f 18//1174 4//1174 14//1174
f 15//1175 16//1175 21//1175
f 21//1176 33//1176 15//1176
f 14//25 2//24 17//25
f 45//1177 19//1177 18//1177
f 22//1178 4//1178 18//1178
f 19//1179 22//1179 18//1179
f 25//1180 22//1180 19//1180
f 27//31 11//30 26//1181
f 29//1182 30//39 32//38
f 13//1183 31//32 28//34
f 45//1184 18//1184 32//1184
f 47//1185 34//1185 35//1185
f 21//1186 34//1186 33//1186
f 34//1187 21//1187 35//1187
f 20//1188 36//1188 35//1188
f 43//1189 40//1189 26//1189
f 26//50 41//49 27//1190
f 37//1191 28//55 41//54
f 42//60 38//62 39//1192
f 44//1193 34//1193 55//1193
f 48//1194 55//1194 47//1194
f 36//1195 48//1195 47//1195
f 41//1196 49//71 37//70
f 38//73 37//1197 50//74
f 39//1198 38//1199 51//1198
f 40//1200 53//1200 54//1200
f 39//1198 51//1198 52//1201
f 46//76 39//1202 52//77
f 53//1203 44//1203 63//1203
f 56//1204 44//1204 55//1204
f 48//1205 66//1205 55//1205
f 67//1206 66//1206 48//1206
f 64//1207 54//1208 53//1209
f 64//1207 58//1210 54//1208
f 58//1211 49//1212 54//1213
f 59//1214 49//1212 58//1211
f 50//80 49//1215 59//80
f 60//82 51//82 50//1216
f 61//85 52//84 51//1217
f 65//1218 52//1218 62//1218
f 69//1219 58//1219 64//1219
f 60//1220 59//1220 70//1220
f 71//1221 60//1222 81//1223
f 71//1221 61//1224 60//1222
f 72//96 62//1225 61//97
f 74//1226 64//1226 63//1226
f 66//1227 76//1228 75//1229
f 76//1228 92//1230 75//1229
f 67//103 68//1231 76//104
f 76//1232 68//1232 95//1232
f 79//1233 96//1233 68//1233
f 79//1234 77//1234 96//1234
f 70//1235 69//108 80//110
f 80//112 81//111 70//1236
f 81//115 83//114 71//1237
f 84//1238 85//120 64//119
f 83//117 86//1239 72//117
f 87//1240 84//1240 74//1240
f 87//1241 75//1241 93//1241
f 92//1242 91//1242 93//1242
f 89//1243 95//1243 90//1243
f 96//1244 94//1244 95//1244
f 97//1245 110//1245 94//1245
f 85//1246 123//1246 80//1246
f 82//1247 80//1248 98//1249
f 82//1247 98//1249 99//1250
f 102//1251 73//1251 86//1251
f 101//1252 86//1252 83//1252
f 87//1253 122//1253 84//1253
f 103//1254 90//1254 88//1254
f 91//1255 90//1255 105//1255
f 103//1256 105//1256 90//1256
f 91//1257 105//1257 124//1257
f 93//1258 91//1258 106//1258
f 106//1259 91//1259 124//1259
f 93//1260 106//1260 108//1260
f 88//1261 111//1261 103//1261
f 116//1262 123//1262 114//1262
f 98//1263 123//1263 116//1263
f 115//1264 116//1264 117//1264
f 116//1265 99//1265 98//1265
f 121//1266 101//1266 119//1266
f 103//1267 104//1267 124//1267
f 125//1268 107//1268 124//1268
f 108//1269 107//1269 126//1269
f 127//1270 139//1270 134//1270
f 127//1271 108//1271 126//1271
f 108//1272 134//169 109//168
f 112//1273 140//1273 104//1273
f 129//1274 140//1274 112//1274
f 131//174 120//1275 138//175
f 135//1276 146//1277 133//1278
f 133//161 114//1279 123//162
f 133//1278 146//1277 114//1280
f 145//1281 114//1281 146//1281
f 145//1282 116//1282 114//1282
f 117//1283 116//1283 145//1283
f 117//1284 145//1284 136//1284
f 118//1285 138//1285 100//1285
f 137//1286 138//1286 118//1286
f 117//1287 136//1287 151//1287
f 137//1288 117//1288 151//1288
f 151//1289 138//1289 137//1289
f 151//1290 147//1290 138//1290
f 133//1291 122//1291 134//1291
f 128//1292 104//1292 140//1292
f 142//1293 126//1293 128//1293
f 141//1294 142//1294 128//1294
f 126//1295 142//1295 127//1295
f 142//1296 153//180 127//179
f 130//1297 140//1297 129//1297
f 380//1298 146//1299 379//1300
f 379//1300 146//1299 135//1301
f 131//1302 147//1302 148//1302
f 151//1303 148//1303 147//1303
f 132//1304 131//1304 149//1304
f 290//1305 291//1305 276//1305
f 153//1306 142//1306 144//1306
f 19//1307 156//1307 159//1307
f 25//1308 19//1308 159//1308
f 156//1309 45//1309 155//1309
f 162//1310 155//1310 45//1310
f 157//1311 164//1311 158//1311
f 161//1312 158//1312 164//1312
f 65//1313 162//1313 46//1313
f 163//1314 157//1314 162//1314
f 166//1315 162//1315 65//1315
f 165//1316 164//1316 169//1316
f 167//1317 166//1317 172//1317
f 166//1318 73//1318 172//1318
f 102//1319 172//1319 73//1319
f 176//1320 172//1320 174//1320
f 167//1321 172//1321 176//1321
f 176//219 168//218 167//1322
f 173//1323 171//1323 170//1323
f 185//1324 176//1324 182//1324
f 177//1325 176//1325 185//1325
f 177//1326 175//1326 176//1326
f 178//1327 179//1327 177//1327
f 179//1328 178//1328 353//1328
f 187//1329 353//1329 178//1329
f 180//1330 353//1330 187//1330
f 102//1331 121//1331 181//1331
f 191//1332 183//1333 181//1332
f 181//1332 190//1334 191//1332
f 185//1335 182//1335 183//1335
f 184//1336 185//1336 183//1336
f 185//232 184//1337 192//233
f 186//1338 178//227 185//226
f 193//1339 187//1339 186//1339
f 188//1340 187//1340 193//1340
f 189//1341 180//1341 187//1341
f 181//1342 121//1342 190//1342
f 184//1343 183//1343 191//1343
f 184//1344 191//1344 197//1344
f 192//1345 184//1346 199//1346
f 188//1347 193//1347 201//1347
f 189//1348 188//1348 202//1348
f 149//1349 194//1349 132//1349
f 585//1350 194//1350 149//1350
f 196//1351 195//1352 194//1353
f 196//1351 194//1353 585//1354
f 198//1355 197//1355 196//1355
f 199//1346 184//1346 197//1356
f 201//1357 192//1357 199//1357
f 201//1358 199//1359 200//1360
f 200//247 199//1361 197//248
f 589//1362 201//1358 200//1360
f 589//1363 591//1363 201//1363
f 591//1364 188//1364 201//1364
f 7//1365 203//1366 8//1365
f 10//1367 204//1367 9//1367
f 203//1368 205//1368 24//1368
f 206//1369 203//1366 7//1365
f 207//1370 205//1370 203//1370
f 207//1371 203//1372 206//1371
f 208//257 206//1373 204//258
f 208//1374 207//1371 206//1371
f 214//273 207//1375 208//274
f 221//1376 20//1376 23//1376
f 24//1377 211//1377 23//1377
f 334//1378 10//1378 25//1378
f 213//1379 221//1379 211//1379
f 205//1380 213//1380 211//1380
f 207//266 215//265 205//1381
f 216//269 224//1382 215//270
f 217//1383 218//1383 212//1383
f 336//1384 217//1384 212//1384
f 209//281 216//280 214//1385
f 218//1386 219//1387 209//1388
f 218//1386 220//1389 219//1387
f 220//1390 218//1390 217//1390
f 221//1391 222//1391 36//1391
f 217//1392 336//1392 338//1392
f 225//290 224//1393 216//291
f 338//1394 226//1394 217//1394
f 216//293 228//292 227//1395
f 229//1396 220//1396 226//1396
f 36//1397 230//1397 48//1397
f 223//1398 231//1398 222//1398
f 233//1399 232//1399 213//1399
f 225//1400 233//1400 224//1400
f 234//1401 225//1402 227//1403
f 235//311 227//1404 228//312
f 227//1403 235//1405 234//1401
f 229//1406 236//315 228//314
f 238//308 226//307 338//1407
f 226//306 237//1408 236//304
f 240//1409 247//1409 231//1409
f 232//1410 240//1410 231//1410
f 242//1411 241//1411 234//1411
f 244//1412 234//1413 235//1414
f 244//1412 242//1415 234//1413
f 239//326 244//328 235//1416
f 237//322 243//1417 246//323
f 231//1418 247//1418 255//1418
f 254//1419 243//1419 238//1419
f 253//353 246//1420 243//353
f 263//1421 77//1421 79//1421
f 78//1422 256//1422 79//1422
f 257//1423 78//1423 255//1423
f 263//1424 79//1424 256//1424
f 258//356 257//1425 255//357
f 250//1426 259//1426 249//1426
f 252//1427 260//1427 251//1427
f 251//1428 260//1429 250//1430
f 250//1430 260//1429 259//1431
f 261//364 262//1432 253//365
f 262//1433 275//362 253//361
f 77//1434 264//1434 97//1434
f 256//1435 265//1435 263//1435
f 263//1436 277//1436 264//1436
f 267//1437 266//1437 265//1437
f 268//1438 267//1438 265//1438
f 258//1439 269//1439 257//1439
f 272//1440 283//1440 258//1440
f 258//1441 283//1441 269//1441
f 268//1442 269//1442 270//1442
f 269//1443 283//1443 271//1443
f 270//1444 269//1444 271//1444
f 273//1445 259//1445 288//1445
f 261//1446 352//1446 290//1446
f 259//1447 274//1447 288//1447
f 292//381 274//1448 260//382
f 276//1449 262//384 290//384
f 277//1450 113//1450 264//1450
f 277//1451 295//1451 113//1451
f 278//1452 266//1452 267//1452
f 266//391 278//1453 295//392
f 270//1454 280//1454 267//1454
f 270//1455 281//1455 280//1455
f 280//1456 296//1456 279//1456
f 280//1457 281//1457 296//1457
f 283//1458 282//1458 271//1458
f 283//1459 285//1459 284//1459
f 282//1460 283//1460 284//1460
f 272//1461 273//1461 285//1461
f 288//1462 287//1462 273//1462
f 274//1463 289//1463 288//1463
f 292//1464 302//1464 289//1464
f 292//1465 305//1465 302//1465
f 276//1466 291//1466 305//1466
f 352//1467 358//1467 290//1467
f 358//1468 291//1468 290//1468
f 293//1469 130//1469 129//1469
f 279//1470 294//1470 278//1470
f 294//1471 293//1471 295//1471
f 279//1472 311//1472 294//1472
f 286//1473 296//1473 281//1473
f 296//1474 311//1474 279//1474
f 286//1475 312//1475 296//1475
f 284//1476 314//1476 297//1476
f 299//1477 284//1477 285//1477
f 303//1478 301//1479 287//1480
f 303//1478 287//1480 289//1481
f 302//1482 305//1482 304//1482
f 305//1483 321//1483 300//1483
f 291//1484 306//1484 305//1484
f 307//1485 291//1485 358//1485
f 307//1486 306//1486 291//1486
f 143//1487 308//1487 144//1487
f 294//421 309//1488 143//422
f 309//1489 310//1489 143//1489
f 310//1490 308//1490 143//1490
f 312//1491 309//1491 311//1491
f 314//1492 310//1492 313//1492
f 326//1493 310//1493 314//1493
f 327//1494 326//1494 314//1494
f 287//431 315//430 299//1495
f 303//1496 318//1497 317//1498
f 317//1498 318//1497 319//1499
f 318//1500 304//1500 300//1500
f 305//1501 320//1501 321//1501
f 318//1502 300//1502 321//1502
f 306//1503 320//1503 305//1503
f 386//1504 390//1504 379//1504
f 310//1505 326//1505 325//1505
f 328//1506 327//1506 298//1506
f 317//433 316//1507 301//434
f 317//1508 319//1509 649//1510
f 320//1511 331//1511 647//1511
f 331//1512 332//1512 647//1512
f 322//458 333//1513 332//456
f 653//1514 333//1514 322//1514
f 335//1515 334//1515 25//1515
f 336//1516 334//1516 335//1516
f 160//1517 335//1517 159//1517
f 339//1518 335//1518 160//1518
f 337//1519 335//1519 339//1519
f 336//1520 337//1520 338//1520
f 339//1521 161//1521 341//1521
f 337//1522 339//1522 340//1522
f 338//1523 337//1523 340//1523
f 340//1524 339//1524 341//1524
f 342//1525 340//1525 344//1525
f 238//1526 338//1526 342//1526
f 343//1527 341//1527 165//1527
f 341//1528 345//1528 344//1528
f 343//1529 170//1529 171//1529
f 354//1530 171//1530 173//1530
f 350//1531 171//1531 354//1531
f 353//1532 354//1532 179//1532
f 353//1533 355//1533 354//1533
f 355//1534 353//1534 180//1534
f 351//1535 357//492 356//491
f 356//1536 349//1536 351//1536
f 356//1537 360//1537 359//1537
f 362//1538 355//1538 367//1538
f 355//1539 180//1539 367//1539
f 364//1540 360//1540 361//1540
f 363//1541 361//498 369//497
f 359//1542 307//1542 358//1542
f 359//1543 371//1543 307//1543
f 360//1544 364//1544 359//1544
f 371//1545 364//1545 365//1545
f 367//1546 180//1546 189//1546
f 366//1547 367//1547 189//1547
f 369//1548 367//1548 368//1548
f 323//1549 307//1549 371//1549
f 372//503 365//502 377//1550
f 368//1551 367//1551 373//1551
f 363//1552 369//1552 370//1553
f 370//1554 368//1554 374//1554
f 370//1553 375//1553 363//1552
f 372//517 376//1555 653//515
f 378//519 376//1556 372//520
f 375//1557 378//1557 377//1557
f 382//1558 145//189 380//188
f 381//523 136//1559 145//521
f 383//1560 148//1560 151//1560
f 150//1561 152//1562 386//1563
f 152//196 153//196 388//1564
f 388//1565 387//1565 152//1565
f 153//1566 154//1566 389//1566
f 381//1567 382//1567 393//1567
f 382//1568 380//532 392//534
f 383//537 381//1569 393//538
f 385//1570 384//541 396//543
f 395//1571 599//1571 396//1571
f 387//1572 386//1563 152//1562
f 599//1573 395//1573 400//1573
f 401//1574 599//1574 400//1574
f 398//1575 408//1575 387//1575
f 397//1576 398//1576 388//1576
f 390//551 402//1577 404//552
f 391//1578 404//564 392//563
f 413//578 405//1579 404//579
f 404//581 402//1580 403//582
f 422//570 406//1581 405//571
f 422//586 407//585 406//1582
f 399//1583 403//1583 402//1583
f 409//1584 401//1584 400//1584
f 409//1585 418//1585 401//1585
f 398//1586 410//1586 408//1586
f 418//1587 411//1587 401//1587
f 389//1588 420//1589 397//1590
f 412//1591 420//1589 389//1588
f 403//1592 399//1592 425//1592
f 414//1593 415//1593 407//1593
f 408//1594 416//587 399//589
f 417//1595 409//1595 415//1595
f 410//1596 416//1596 408//1596
f 418//1597 409//1597 417//1597
f 418//1598 417//1598 419//1598
f 397//1599 420//1599 410//1599
f 413//1600 421//1600 432//1600
f 425//1601 399//1601 424//1601
f 423//596 414//595 422//1602
f 416//1603 436//1603 429//1603
f 416//1604 429//1604 424//1604
f 417//1605 415//1605 438//1605
f 426//1606 419//1606 417//1606
f 427//1607 442//1607 440//1607
f 428//1608 431//1608 429//1608
f 425//1609 424//1609 430//1609
f 450//1610 425//1610 447//1610
f 432//1611 425//1611 450//1611
f 423//592 413//591 433//1612
f 434//626 423//1613 433//627
f 441//1614 428//1614 436//1614
f 437//1615 435//1615 434//1615
f 426//1616 417//1616 439//1616
f 440//1617 441//1617 436//1617
f 443//1618 442//1618 444//1618
f 427//1619 688//1619 444//1619
f 463//1620 445//1621 431//1622
f 431//1622 446//1623 463//1620
f 450//1624 447//1624 448//1624
f 447//1625 425//1625 445//1625
f 450//1626 451//1626 432//1626
f 451//1627 433//1627 432//1627
f 453//1628 449//1628 441//1628
f 455//1629 438//1629 437//1629
f 456//1630 439//1630 457//1630
f 458//1631 459//1631 443//1631
f 446//1632 461//1633 462//1634
f 449//1635 462//1635 461//1635
f 463//1636 446//1637 465//1638
f 446//1632 462//1634 465//1639
f 464//1640 463//1636 465//1638
f 466//641 463//640 464//1641
f 470//1642 451//1642 467//1642
f 453//1643 472//1643 452//1643
f 449//1644 452//1644 471//1644
f 470//1645 454//1645 451//1645
f 475//1646 473//1646 454//1646
f 477//1647 472//1647 459//1647
f 462//1648 486//1648 479//1648
f 479//657 464//656 465//1649
f 481//1650 466//1651 464//1652
f 481//1650 464//1652 487//1653
f 480//1654 466//1654 481//1654
f 468//1655 462//1655 449//1655
f 470//1656 467//1656 469//1656
f 472//1657 471//1657 452//1657
f 470//1658 469//1658 482//1658
f 472//1659 483//1659 471//1659
f 475//1660 454//1660 482//1660
f 476//1661 457//1661 474//1661
f 484//1662 476//1662 474//1662
f 626//1663 456//1663 476//1663
f 484//1664 626//1664 476//1664
f 485//1665 473//1665 475//1665
f 498//1666 487//1667 479//1668
f 498//1666 479//1668 488//1669
f 489//1670 481//1670 490//1670
f 482//1671 469//1671 492//1671
f 468//1672 471//1672 491//1672
f 482//1673 493//696 494//695
f 475//1674 482//1674 494//1674
f 511//1675 484//1675 474//1675
f 483//673 495//672 514//1676
f 474//1677 485//1677 497//1677
f 485//1678 496//1678 497//1678
f 497//1679 496//1679 515//1679
f 515//1680 510//1680 497//1680
f 497//1681 510//1681 511//1681
f 515//1682 496//1682 494//1682
f 488//1683 486//1683 499//1683
f 488//1684 500//680 498//679
f 521//1685 501//1685 500//1685
f 498//684 501//1686 503//682
f 504//1687 502//1687 503//1687
f 506//1688 491//1688 505//1688
f 499//1689 491//1689 507//1689
f 502//1690 508//1690 492//1690
f 525//1691 508//1691 502//1691
f 493//1692 492//1692 508//1692
f 509//1693 493//1693 508//1693
f 483//1694 514//1694 505//1694
f 508//1695 531//1695 509//1695
f 530//1696 510//1696 509//1696
f 511//1697 516//1697 484//1697
f 517//1698 516//1698 518//1698
f 514//1699 495//1699 520//1699
f 499//1700 522//1700 500//1700
f 504//1701 525//1701 502//1701
f 521//1702 524//1703 504//1704
f 524//1705 525//1705 504//1705
f 506//1706 528//1706 507//1706
f 532//1707 530//1707 531//1707
f 529//1708 532//1708 531//1708
f 512//1709 533//1709 526//1709
f 513//1710 512//1710 535//1710
f 535//1711 512//1711 526//1711
f 506//1712 527//1712 536//1712
f 506//1713 536//1713 528//1713
f 534//1714 516//1714 535//1714
f 519//1715 516//1715 534//1715
f 520//1716 527//1716 514//1716
f 526//1717 533//1717 538//1717
f 540//1718 522//1718 507//1718
f 524//1703 521//1702 523//1719
f 523//1720 542//1721 524//1722
f 523//1720 541//1723 542//1721
f 543//723 524//725 542//1724
f 532//1725 544//1725 539//1725
f 568//730 545//729 538//1726
f 534//1727 535//1727 545//1727
f 534//1728 545//1728 547//1728
f 548//1729 540//1729 528//1729
f 540//1730 548//1731 541//1732
f 541//1733 552//1734 542//1735
f 543//1736 549//1736 529//1736
f 559//1737 528//1737 536//1737
f 541//1732 548//1731 551//1738
f 560//1739 561//1739 551//1739
f 552//1734 541//1733 551//1740
f 553//1741 543//735 552//734
f 537//1742 534//740 556//739
f 520//1743 558//1743 536//1743
f 558//1744 559//1744 536//1744
f 561//1745 562//1745 552//1745
f 564//1746 537//1746 556//1746
f 567//1747 538//1747 539//1747
f 570//1748 539//1748 544//1748
f 539//1749 570//1749 567//1749
f 549//755 555//1750 566//753
f 547//1751 546//1751 571//1751
f 569//1752 571//1752 546//1752
f 557//1753 556//1753 547//1753
f 557//1754 571//1754 580//1754
f 555//1755 572//1755 578//1755
f 578//1756 575//1756 570//1756
f 577//1757 571//1757 569//1757
f 576//1758 577//1758 569//1758
f 582//1759 575//1759 578//1759
f 577//1760 580//1760 571//1760
f 572//1761 582//1761 578//1761
f 583//1762 580//1762 581//1762
f 581//1763 580//1763 577//1763
f 581//1764 577//1764 579//1764
f 581//1765 579//1765 584//1765
f 586//1766 585//1766 149//1766
f 196//771 585//1767 586//772
f 588//1768 200//1768 198//1768
f 591//774 589//1769 590//774
f 592//1770 202//1770 591//1770
f 594//1771 586//778 396//777
f 198//1772 587//1772 588//1772
f 601//1773 588//1773 595//1773
f 590//1774 589//1774 596//1774
f 590//1775 596//1775 597//1775
f 600//1776 594//779 599//781
f 600//1777 595//1777 594//1778
f 601//1779 595//1777 600//1777
f 609//1780 590//1780 597//1780
f 609//1781 597//797 603//796
f 605//1782 604//1782 610//1782
f 605//1783 598//1783 604//1783
f 606//1784 607//1784 601//1784
f 411//1785 607//1785 606//1785
f 411//1786 611//1786 607//1786
f 603//1787 602//1787 607//1787
f 611//1788 603//1788 607//1788
f 608//1789 604//1789 603//1789
f 604//1790 609//1790 603//1790
f 610//1791 604//1791 608//1791
f 613//809 611//808 612//1792
f 614//1793 608//1793 613//1793
f 615//1794 614//1794 613//1794
f 616//1795 610//1795 614//1795
f 426//1796 617//1796 419//1796
f 615//1797 613//1797 619//1797
f 619//1798 613//1798 612//1798
f 615//1799 616//1799 614//1799
f 850//1800 616//1800 615//1800
f 439//1801 617//1801 426//1801
f 617//1802 618//1802 419//1802
f 620//1803 618//1803 621//1803
f 618//1804 617//1804 621//1804
f 619//1805 620//1805 623//1805
f 620//1806 621//1806 623//1806
f 617//1807 439//1807 626//1807
f 625//1808 622//1808 624//1808
f 621//1809 626//1809 629//1809
f 624//1810 623//1810 627//1810
f 629//1811 626//1811 632//1811
f 632//1812 626//1812 484//1812
f 635//1813 628//1813 627//1813
f 631//1814 628//1814 635//1814
f 633//1815 629//1815 632//1815
f 632//1816 484//1816 517//1816
f 633//1817 630//1817 629//1817
f 634//1818 630//1818 633//1818
f 637//1819 634//1819 633//1819
f 634//1820 627//1820 630//1820
f 635//1821 627//1821 634//1821
f 640//1822 635//1822 639//1822
f 867//1823 635//1823 640//1823
f 636//1824 632//1824 517//1824
f 636//1825 517//1825 518//1825
f 636//1826 633//1826 632//1826
f 637//1827 633//1827 636//1827
f 638//1828 634//1828 637//1828
f 638//1829 635//1829 634//1829
f 644//1830 638//1830 637//1830
f 639//1831 635//1831 638//1831
f 640//1832 639//1832 638//1832
f 872//1833 640//1833 638//1833
f 644//1834 872//1834 638//1834
f 537//1835 642//1835 641//1835
f 537//1836 641//1836 519//1836
f 642//1837 643//1837 644//1837
f 643//1838 642//1838 537//1838
f 642//1839 644//1839 637//1839
f 645//1840 325//1840 326//1840
f 327//1841 646//1841 645//1841
f 327//1842 645//1842 326//1842
f 317//1843 648//1844 316//1845
f 649//1510 650//1846 317//1508
f 317//1843 650//1847 648//1844
f 647//1848 332//1848 651//1848
f 333//1849 652//1849 332//1849
f 652//1850 651//1850 332//1850
f 654//1851 652//841 653//840
f 325//1852 661//1852 655//1852
f 330//1853 663//1853 328//1853
f 650//1854 668//845 648//847
f 651//1855 669//1855 659//1855
f 669//1856 651//1856 656//1856
f 652//853 656//855 651//1857
f 665//858 654//857 660//1858
f 662//1859 670//1859 645//1859
f 664//1860 667//1860 672//1860
f 658//866 657//1861 330//867
f 657//1862 658//1863 673//1864
f 658//1863 675//1865 673//1864
f 669//1866 677//880 659//879
f 655//1867 678//1868 412//1869
f 661//1870 678//1868 655//1867
f 671//1871 672//1871 679//1871
f 666//1872 664//1872 671//1872
f 666//1873 677//1874 669//1875
f 672//1876 671//1876 664//1876
f 674//876 675//1877 658//877
f 659//875 676//1878 674//873
f 412//1879 678//1879 420//1879
f 689//1880 678//1880 661//1880
f 670//1881 690//1881 689//1881
f 662//1882 690//1882 670//1882
f 682//1883 690//1883 662//1883
f 681//1884 671//1884 679//1884
f 673//1885 683//1885 682//1885
f 671//1886 685//1886 666//1886
f 685//1887 677//1888 666//1889
f 685//1887 684//1890 677//1888
f 673//889 675//1891 696//887
f 676//1892 686//1893 674//1894
f 676//1892 697//1895 686//1893
f 697//1896 676//1896 677//1896
f 687//1897 688//1897 427//1897
f 678//1898 687//1898 420//1898
f 687//1899 698//1899 688//1899
f 689//1900 691//1900 687//1900
f 689//1901 692//1901 691//1901
f 694//1902 690//1902 682//1902
f 690//1903 694//1903 693//1903
f 685//1904 671//1904 681//1904
f 703//1905 685//1905 681//1905
f 683//1906 696//1906 704//1906
f 696//1907 707//1907 704//1907
f 681//1908 701//1908 703//1908
f 692//1909 700//1909 691//1909
f 703//1910 702//1910 685//1910
f 703//1911 725//1911 702//1911
f 680//1912 701//1912 681//1912
f 695//1913 693//1913 694//1913
f 708//907 706//1914 686//908
f 709//1915 708//1915 702//1915
f 698//1916 710//1916 460//1916
f 703//1917 724//1917 725//1917
f 711//1918 721//1918 699//1918
f 701//1919 727//1919 703//1919
f 693//1920 713//1920 692//1920
f 713//1921 711//1921 692//1921
f 715//1922 705//1922 707//1922
f 706//1923 712//1923 707//1923
f 714//931 718//930 717//1924
f 460//1925 710//1925 458//1925
f 720//1926 478//1926 458//1926
f 721//1927 710//1927 699//1927
f 702//1928 725//1928 722//1928
f 725//1929 724//1929 726//1929
f 727//1930 724//1930 703//1930
f 729//1931 721//1931 711//1931
f 731//1932 712//1932 722//1932
f 731//1933 722//1933 723//1933
f 728//1934 727//1934 701//1934
f 715//1935 712//1935 731//1935
f 718//1936 742//1937 717//1938
f 742//1937 732//1939 717//1938
f 743//1940 742//1941 718//1942
f 719//1943 743//1940 718//1942
f 726//1944 748//1944 749//1944
f 723//1945 726//1945 749//1945
f 724//949 737//949 736//1946
f 721//1947 729//1947 735//1947
f 738//1948 735//1948 729//1948
f 715//1949 731//1949 733//1949
f 739//958 759//957 741//1950
f 743//1951 733//967 745//966
f 745//963 760//1952 742//964
f 735//1953 747//1953 734//1953
f 764//1954 752//1954 750//1954
f 724//1955 736//1955 765//1955
f 735//1956 753//1956 747//1956
f 754//1957 723//1957 752//1957
f 767//1958 768//1958 737//1958
f 755//1959 753//1959 738//1959
f 754//1960 740//1960 723//1960
f 738//1961 753//1961 735//1961
f 755//1962 738//1963 741//1964
f 758//1965 755//1962 741//1964
f 756//1966 740//1966 754//1966
f 741//1967 759//1967 757//1967
f 778//1968 762//1969 745//1970
f 744//1971 778//1968 745//1970
f 734//1972 746//1972 495//1972
f 771//1973 752//1973 763//1973
f 790//1974 766//1974 785//1974
f 768//1975 766//1975 765//1975
f 767//1976 766//1976 768//1976
f 787//1977 763//1977 764//1977
f 773//1978 787//1978 772//1978
f 758//1979 770//1980 755//1981
f 796//1982 756//1982 774//1982
f 774//1983 754//1983 771//1983
f 758//1984 775//1984 792//1984
f 757//1985 775//1985 758//1985
f 761//1986 775//1987 757//1988
f 761//1986 776//1989 775//1987
f 777//1990 762//1991 778//1992
f 778//1993 756//1993 796//1993
f 777//1990 778//1992 796//1994
f 782//1995 558//1995 779//1995
f 766//1996 769//1996 780//1996
f 784//1997 804//1997 807//1997
f 785//1013 780//1015 781//1998
f 786//1999 774//1999 783//1999
f 783//2000 774//2000 771//2000
f 773//2001 789//2001 787//2001
f 789//2002 788//2002 787//2002
f 789//2003 811//2003 788//2003
f 773//2004 772//2004 790//2004
f 790//2005 785//2005 791//2005
f 790//2006 791//2006 773//2006
f 791//2007 797//2007 773//2007
f 758//1979 792//2008 770//1980
f 770//2009 792//2009 782//2009
f 792//2010 800//2010 782//2010
f 793//2011 809//2011 792//2011
f 796//2012 786//2012 795//2012
f 795//2013 810//1049 794//1048
f 773//2014 797//2014 789//2014
f 775//2015 793//2015 792//2015
f 793//2016 775//2017 794//2018
f 776//2019 794//2018 775//2017
f 558//2020 801//2020 559//2020
f 798//2021 563//2022 562//2023
f 561//2024 798//2024 562//2024
f 798//2021 799//2025 563//2022
f 800//2026 801//2026 558//2026
f 807//2027 799//2027 806//2027
f 807//2028 804//1040 803//1039
f 806//2029 799//2029 798//2029
f 565//2030 781//2030 564//2030
f 782//2031 800//2031 558//2031
f 805//1047 808//1046 802//2032
f 802//2033 810//2034 806//2035
f 800//2036 809//2036 805//2036
f 810//2034 802//2033 808//2037
f 786//1051 807//2038 806//1052
f 788//2039 804//2039 784//2039
f 788//2040 812//2040 804//2040
f 788//2041 811//2041 812//2041
f 818//2042 811//2042 797//2042
f 797//2043 811//2043 789//2043
f 803//1057 555//1059 554//2044
f 803//2045 814//2045 572//2045
f 557//2046 573//2046 565//2046
f 815//2047 565//2047 573//2047
f 812//2048 816//2048 804//2048
f 804//2049 816//2049 814//2049
f 817//2050 825//2050 816//2050
f 812//2051 817//2051 816//2051
f 811//2052 817//2052 812//2052
f 825//2053 817//2053 826//2053
f 817//2054 818//2054 826//2054
f 818//2055 797//2055 813//2055
f 813//2056 815//2056 819//2056
f 819//2057 818//2057 813//2057
f 819//2058 815//2058 827//2058
f 813//2059 781//2059 815//2059
f 820//2060 821//2060 582//2060
f 822//2061 583//2061 581//2061
f 573//2062 580//2062 583//2062
f 824//2063 821//2063 820//2063
f 824//2064 823//2064 828//2064
f 828//2065 821//2065 824//2065
f 822//2066 815//2066 573//2066
f 816//2067 820//2067 814//2067
f 825//2068 826//2068 824//2068
f 825//2069 824//2069 820//2069
f 827//2070 815//2070 822//2070
f 827//2071 823//2071 819//2071
f 827//2072 822//2072 823//2072
f 819//2073 823//2073 826//2073
f 584//2074 828//2074 581//2074
f 831//2075 370//1077 830//1079
f 375//2076 831//2076 832//2076
f 831//2077 375//2077 370//2077
f 832//2078 831//2078 837//2078
f 376//2079 833//2080 653//2081
f 653//2081 833//2080 654//2082
f 378//2083 833//2084 376//2085
f 834//2086 378//2086 832//2086
f 378//2083 834//2087 833//2084
f 378//2088 375//2088 832//2088
f 839//2089 835//2089 829//2089
f 835//1087 830//2090 373//1085
f 836//2091 834//2091 832//2091
f 838//2092 833//1092 836//1094
f 845//2093 605//2093 610//2093
f 605//2094 829//2094 598//2094
f 837//2095 831//2095 840//2095
f 846//2096 837//2096 840//2096
f 848//2097 837//2097 846//2097
f 838//2098 842//2099 667//2100
f 842//1104 836//1106 841//2101
f 837//2102 841//2102 836//2102
f 838//2098 667//2100 660//2103
f 843//2104 845//2104 610//2104
f 845//2105 843//2105 844//2105
f 855//2106 846//2106 844//2106
f 848//2107 855//2107 853//2107
f 848//2108 849//1115 841//1114
f 616//2109 843//2109 610//2109
f 847//2110 844//2110 851//2110
f 854//2111 679//2111 853//2111
f 854//1124 853//2112 855//1124
f 851//2113 860//2113 852//2113
f 857//2114 860//2114 864//2114
f 852//2115 860//2115 857//2115
f 864//2116 860//2116 858//2116
f 861//1131 701//2117 680//1132
f 862//2118 850//2118 622//2118
f 862//2119 863//2119 856//2119
f 863//2120 859//2120 856//2120
f 859//2121 858//2121 856//2121
f 861//2122 864//2122 865//2122
f 863//2123 862//2123 866//2123
f 863//2124 858//2124 859//2124
f 865//2125 869//2125 861//2125
f 864//2126 869//2126 865//2126
f 701//2127 861//2127 728//2127
f 866//2128 625//2128 631//2128
f 868//2129 863//2129 866//2129
f 858//2130 863//2130 868//2130
f 869//2131 858//2131 868//2131
f 869//2132 871//2132 861//2132
f 640//2133 870//2133 867//2133
f 870//2134 868//2134 866//2134
f 875//2135 869//2135 873//2135
f 876//2136 871//2137 875//2138
f 869//2139 868//2139 873//2139
f 870//2140 873//2140 868//2140
f 871//2141 737//2141 728//2141
f 871//2142 876//2142 767//2142
f 871//2137 869//2143 875//2138
f 879//2144 874//2144 872//2144
f 640//2145 872//2145 874//2145
f 767//1148 877//1147 769//2146
f 564//2147 878//2147 643//2147
f 878//2148 780//2148 877//2148
f 769//2149 877//2149 780//2149
f 21//2150 20//2150 35//2150
f 63//2151 56//2151 75//2151 74//2151
f 121//2152 119//2152 120//2152 132//2152
f 134//2153 150//2153 135//2153 133//2153
f 136//2154 381//2154 151//2154
f 325//2155 154//2155 308//2155 310//2155
f 431//2156 428//2156 461//2156 446//2156
f 481//2157 487//2157 498//2157 490//2157
f 562//2158 563//2158 553//2158 552//2158
f 569//2159 568//2159 567//2159 574//2159
f 602//2160 597//2160 596//2160 588//2160
f 411//2161 419//2161 618//2161 611//2161
f 669//1875 656//2162 664//2162 666//1873
f 733//2163 731//2163 740//2163 744//2163
f 717//2164 732//2164 739//2164 730//2164
f 768//2165 765//2165 736//2165 737//2165
f 803//2166 554//2166 563//2166 799//2166
f 753//2167 755//2167 770//2167
